Phase,Blue,Red,Score,Winner,Patch,BB1,RB1,BB2,RB2,BB3,RB3,BP1,RP1-2,BP2-3,RP3,RB4,BB4,RB5,BB5,RP4,BP4-5,RP5,BR1,BR2,BR3,BR4,BR5,RR1,RR2,RR3,RR4,RR5
Week 10,Liiv SANDBOX,DRX,2 - 1,1,11.5,Seraphine,Gragas,Renekton,Hecarim,Tristana,Thresh,Udyr,"Lillia, Kai'Sa","Alistar, Samira",Gnar,Camille,Rakan,Zoe,Rell,Leona,"Azir, Jayce",Syndra,Jungle,Support,Bot,Mid,Top,Jungle,Bot,Top,Support,Mid
Week 10,DRX,Liiv SANDBOX,1 - 1,1,11.5,Thresh,Seraphine,Azir,Udyr,Gragas,Renekton,Hecarim,"Gnar, Olaf","Jayce, Zoe",Kai'Sa,Tristana,Rell,Senna,Syndra,Twisted Fate,"Xayah, Leona",Alistar,Jungle,Top,Mid,Bot,Support,Top,Jungle,Bot,Mid,Support
Week 10,Liiv SANDBOX,DRX,1 - 0,1,11.5,Thresh,Camille,Renekton,Hecarim,Seraphine,Gragas,Udyr,"Lillia, Tristana","Ezreal, Gnar",Jayce,Zoe,Lucian,Azir,Orianna,Viktor,"Syndra, Alistar",Leona,Jungle,Bot,Top,Mid,Support,Jungle,Bot,Top,Mid,Support
Week 10,T1,Hanwha Life Esports,2 - 0,1,11.5,Lucian,Seraphine,Renekton,Hecarim,Jinx,Udyr,Lillia,"Nidalee, Sion","Gnar, Viktor",Tristana,Kalista,Rakan,Thresh,Senna,Rell,"Kai'Sa, Gragas",Ryze,Jungle,Top,Mid,Bot,Support,Jungle,Top,Bot,Support,Mid
Week 10,Hanwha Life Esports,T1,0 - 1,2,11.5,Gnar,Lucian,Udyr,Sion,Nidalee,Renekton,Hecarim,"Seraphine, Senna","Orianna, Gragas",Tahm Kench,Thresh,Olaf,Varus,Graves,Volibear,"Ezreal, Yuumi",Aatrox,Jungle,Mid,Top,Bot,Support,Mid,Bot,Support,Jungle,Top
Week 10,Fredit BRION,Nongshim RedForce,0 - 2,2,11.5,Thresh,Seraphine,Aatrox,Hecarim,Nidalee,Udyr,Lillia,"Alistar, Graves","Gnar, Viktor",Sion,Rell,Samira,Rakan,Azir,Syndra,"Kai'Sa, Gragas",Tristana,Jungle,Top,Mid,Bot,Support,Support,Jungle,Top,Mid,Bot
Week 10,Nongshim RedForce,Fredit BRION,1 - 0,1,11.5,Gnar,Seraphine,Lillia,Thresh,Renekton,Hecarim,Udyr,"Olaf, Viktor","Alistar, Aatrox",Tristana,Ezreal,Rell,Samira,Rakan,Gragas,"Jinx, Azir",Leona,Jungle,Support,Top,Bot,Mid,Jungle,Mid,Bot,Top,Support
Week 10,DWG KIA,KT Rolster,2 - 1,1,11.5,Thresh,Seraphine,Ezreal,Hecarim,Rell,Udyr,Nidalee,"Lillia, Tristana","Senna, Tahm Kench",Alistar,Sion,Gnar,Zoe,Yone,Renekton,"Gangplank, Azir",Ryze,Jungle,Bot,Support,Top,Mid,Jungle,Bot,Support,Top,Mid
Week 10,KT Rolster,DWG KIA,1 - 1,2,11.5,Seraphine,Thresh,Rell,Senna,Udyr,Ezreal,Hecarim,"Tristana, Renekton","Samira, Alistar",Nidalee,Orianna,Galio,Gnar,Gragas,Rakan,"Azir, Aatrox",Sylas,Jungle,Bot,Support,Mid,Top,Bot,Top,Jungle,Support,Mid
Week 10,DWG KIA,KT Rolster,0 - 1,2,11.5,Thresh,Seraphine,Ezreal,Hecarim,Lillia,Udyr,Nidalee,"Rell, Lee Sin","Renekton, Xayah",Samira,Alistar,Gnar,Rakan,Syndra,Gragas,"Zoe, Leona",Viktor,Jungle,Top,Bot,Mid,Support,Support,Jungle,Bot,Top,Mid
Week 10,Liiv SANDBOX,Afreeca Freecs,0 - 2,2,11.5,Seraphine,Camille,Lillia,Thresh,Renekton,Hecarim,Gnar,"Udyr, Jayce","Olaf, Ezreal",Jinx,Zoe,Orianna,Leona,Rell,Viktor,"Gragas, Syndra",Lulu,Top,Jungle,Bot,Support,Mid,Jungle,Top,Bot,Mid,Support
Week 10,Afreeca Freecs,Liiv SANDBOX,1 - 0,1,11.5,Thresh,Seraphine,Camille,Hecarim,Gragas,Renekton,Lillia,"Gnar, Orianna","Rell, Jayce",Olaf,Syndra,Alistar,Sion,Ezreal,Kai'Sa,"Tristana, Viktor",Leona,Jungle,Support,Top,Bot,Mid,Top,Mid,Jungle,Bot,Support
Week 10,Gen.G,DRX,2 - 0,1,11.5,Gnar,Kalista,Seraphine,Thresh,Lillia,Hecarim,Udyr,"Renekton, Tristana","Senna, Volibear",Nidalee,Tahm Kench,Rell,Azir,Orianna,Viktor,"Zoe, Karma",Nautilus,Jungle,Bot,Top,Mid,Support,Top,Bot,Jungle,Mid,Support
Week 10,DRX,Gen.G,0 - 1,2,11.5,Kalista,Gnar,Thresh,Seraphine,Renekton,Hecarim,Udyr,"Tristana, Olaf","Kai'Sa, Gragas",Orianna,Syndra,Rell,Aatrox,Ornn,Alistar,"Viktor, Sion",Cho'Gath,Jungle,Bot,Support,Mid,Top,Bot,Jungle,Mid,Support,Top
Week 10,KT Rolster,Nongshim RedForce,2 - 1,1,11.5,Seraphine,Gnar,Rell,Renekton,Thresh,Ezreal,Hecarim,"Alistar, Graves","Gragas, Azir",Kai'Sa,Aphelios,Aatrox,Samira,Viktor,Orianna,"Senna, Tahm Kench",Sion,Jungle,Top,Mid,Bot,Support,Support,Jungle,Bot,Mid,Top
Week 10,Nongshim RedForce,KT Rolster,1 - 1,2,11.5,Gnar,Seraphine,Renekton,Thresh,Udyr,Hecarim,Rell,"Alistar, Lillia","Tristana, Nidalee",Ezreal,Sett,Lucian,Jayce,Zoe,Aatrox,"Sion, Azir",Yone,Support,Bot,Jungle,Top,Mid,Support,Jungle,Bot,Top,Mid
Week 10,KT Rolster,Nongshim RedForce,0 - 1,2,11.5,Seraphine,Gnar,Rell,Udyr,Thresh,Renekton,Hecarim,"Alistar, Graves","Senna, Tahm Kench",Jinx,Zoe,Azir,Jayce,Gragas,Viktor,"Orianna, Sion",Aatrox,Jungle,Bot,Support,Mid,Top,Support,Jungle,Bot,Mid,Top
Week 10,Hanwha Life Esports,Fredit BRION,2 - 0,1,11.5,Udyr,Lucian,Tristana,Renekton,Seraphine,Thresh,Hecarim,"Kai'Sa, Lillia","Senna, Tahm Kench",Azir,Orianna,Rell,Viktor,Gragas,Gnar,"Corki, Sion",Alistar,Jungle,Bot,Support,Mid,Top,Bot,Jungle,Mid,Top,Support
Week 10,Fredit BRION,Hanwha Life Esports,0 - 1,2,11.5,Lucian,Hecarim,Renekton,Seraphine,Sion,Tristana,Lillia,"Thresh, Udyr","Kai'Sa, Gnar",Jinx,Rell,Orianna,Alistar,Kennen,Sylas,"Syndra, Leona",Yone,Jungle,Bot,Top,Mid,Support,Support,Jungle,Bot,Top,Mid
Week 9,T1,Afreeca Freecs,2 - 1,1,11.5,Renekton,Thresh,Rell,Senna,Tristana,Xayah,Seraphine,"Hecarim, Kai'Sa","Udyr, Gnar",Alistar,Galio,Kennen,Ezreal,Viktor,Sylas,"Tahm Kench, Aphelios",Zilean,Mid,Jungle,Top,Support,Bot,Jungle,Bot,Support,Top,Mid
Week 9,Afreeca Freecs,T1,1 - 1,1,11.5,Senna,Seraphine,Thresh,Udyr,Renekton,Tristana,Hecarim,"Kai'Sa, Rell","Alistar, Xayah",Nidalee,Jayce,Irelia,Twisted Fate,Gnar,Zoe,"Viktor, Sion",Sett,Jungle,Support,Bot,Mid,Top,Bot,Support,Jungle,Mid,Top
Week 9,T1,Afreeca Freecs,1 - 0,1,11.5,Renekton,Thresh,Rell,Senna,Nidalee,Seraphine,Hecarim,"Udyr, Tristana","Kai'Sa, Viktor",Alistar,Galio,Gnar,Leona,Orianna,Twisted Fate,"Gragas, Maokai",Aatrox,Jungle,Bot,Mid,Top,Support,Jungle,Bot,Support,Mid,Top
Week 9,DWG KIA,DRX,2 - 0,1,11.5,Thresh,Senna,Udyr,Seraphine,Renekton,Graves,Hecarim,"Tristana, Rell","Gragas, Xayah",Kindred,Zoe,Irelia,Azir,Orianna,Syndra,"Zilean, Gnar",Sylas,Jungle,Support,Bot,Mid,Top,Bot,Support,Jungle,Mid,Top
Week 9,DRX,DWG KIA,0 - 1,2,11.5,Senna,Thresh,Graves,Udyr,Tristana,Kindred,Seraphine,"Kai'Sa, Hecarim","Olaf, Xayah",Gragas,Gnar,Azir,Alistar,Zoe,Zilean,"Renekton, Rakan",Leona,Mid,Jungle,Bot,Top,Support,Bot,Jungle,Top,Mid,Support
Week 9,KT Rolster,Gen.G,1 - 2,2,11.5,Kalista,Lillia,Thresh,Hecarim,Renekton,Gnar,Udyr,"Rell, Olaf","Tristana, Alistar",Kai'Sa,Aatrox,Cho'Gath,Syndra,Orianna,Azir,"Zoe, Sion",Ornn,Jungle,Bot,Support,Mid,Top,Support,Jungle,Bot,Mid,Top
Week 9,Gen.G,KT Rolster,1 - 1,1,11.5,Lillia,Kalista,Gnar,Hecarim,Renekton,Udyr,Thresh,"Tristana, Nidalee","Olaf, Jinx",Rell,Syndra,Aatrox,Azir,Yone,Lucian,"Orianna, Ornn",Gragas,Support,Jungle,Bot,Mid,Top,Bot,Jungle,Support,Mid,Top
Week 9,KT Rolster,Gen.G,1 - 0,1,11.5,Kalista,Lillia,Thresh,Hecarim,MISSING DATA,Udyr,Nidalee,"Rell, Olaf","Gnar, Alistar",Tristana,Ezreal,Kennen,Kai'Sa,Irelia,Neeko,"Syndra, Samira",Orianna,Jungle,Top,Support,Mid,Bot,Support,Jungle,Bot,Top,Mid
Week 9,Fredit BRION,Liiv SANDBOX,0 - 2,2,11.5,Gnar,Thresh,Camille,Seraphine,Udyr,Renekton,Hecarim,"Gragas, Olaf","Tristana, Rell",Aatrox,Orianna,Ezreal,Syndra,Viktor,Zoe,"Cho'Gath, Galio",Kai'Sa,Jungle,Bot,Support,Top,Mid,Support,Jungle,Top,Mid,Bot
Week 9,Liiv SANDBOX,Fredit BRION,1 - 0,1,11.5,Thresh,Gnar,Seraphine,Camille,Renekton,Jayce,Hecarim,"Tristana, Rell","Aatrox, Gragas",Udyr,Kai'Sa,Orianna,Kalista,Sion,Zoe,"Ezreal, Viktor",Cho'Gath,Jungle,Top,Support,Bot,Mid,Bot,Support,Jungle,Mid,Top
Week 9,DRX,T1,0 - 2,2,11.5,Azir,Seraphine,Thresh,Udyr,Senna,Rell,Hecarim,"Nidalee, Renekton","Gnar, Kai'Sa",Xayah,Viktor,Rakan,Galio,Sion,Leona,"Syndra, Alistar",Zoe,Jungle,Top,Bot,Mid,Support,Jungle,Top,Bot,Support,Mid
Week 9,T1,DRX,1 - 0,1,11.5,Nidalee,Azir,Rell,Seraphine,Renekton,Thresh,Udyr,"Kai'Sa, Lillia","Gnar, Zoe",Jayce,Senna,Orianna,Ezreal,Leona,Viktor,"Xayah, Nautilus",Alistar,Jungle,Top,Mid,Bot,Support,Bot,Jungle,Top,Mid,Support
Week 9,Nongshim RedForce,Afreeca Freecs,2 - 0,1,11.5,Nocturne,Thresh,Renekton,Udyr,Gnar,Alistar,Seraphine,"Hecarim, Rell","Tristana, Rakan",Kai'Sa,Olaf,Jayce,Kindred,Irelia,Veigar,"Graves, Gragas",Rumble,Mid,Bot,Support,Jungle,Top,Jungle,Support,Bot,Mid,Top
Week 9,Afreeca Freecs,Nongshim RedForce,0 - 1,2,11.5,Thresh,Nocturne,Nidalee,Udyr,Rell,Renekton,Seraphine,"Tristana, Hecarim","Olaf, Kai'Sa",Alistar,Gnar,Azir,Sylas,Orianna,Syndra,"Gragas, Galio",Aatrox,Mid,Jungle,Bot,Top,Support,Bot,Jungle,Support,Mid,Top
Week 9,KT Rolster,Hanwha Life Esports,0 - 2,2,11.5,Renekton,Hecarim,Kai'Sa,Gnar,Udyr,Lillia,Thresh,"Nidalee, Sion","Aphelios, Orianna",Lucian,Skarner,Senna,Olaf,Rell,Varus,"Aatrox, Lee Sin",Leona,Support,Bot,Mid,Top,Jungle,Jungle,Top,Mid,Bot,Support
Week 9,Hanwha Life Esports,KT Rolster,1 - 0,1,11.5,Gnar,Hecarim,Thresh,Renekton,Udyr,Lillia,Nidalee,"Kai'Sa, Gragas","Sion, Orianna",Olaf,Kalista,Viktor,Tristana,Azir,Syndra,"Senna, Tahm Kench",Rakan,Jungle,Top,Mid,Bot,Support,Bot,Top,Jungle,Mid,Support
Week 9,Gen.G,DWG KIA,2 - 1,1,11.5,Senna,Kalista,Seraphine,Renekton,Graves,Hecarim,Udyr,"Kai'Sa, Lillia","Jinx, Thresh",Gragas,Orianna,Yone,Camille,Gnar,Viktor,"Cho'Gath, Azir",Sion,Jungle,Bot,Support,Top,Mid,Bot,Jungle,Support,Mid,Top
Week 9,DWG KIA,Gen.G,1 - 1,1,11.5,Kalista,Senna,Renekton,Seraphine,Thresh,Graves,Hecarim,"Kai'Sa, Udyr","Tristana, Rell",Syndra,Zoe,Irelia,Gnar,Gragas,Sett,"Viktor, Sion",Cho'Gath,Jungle,Bot,Support,Mid,Top,Bot,Jungle,Mid,Support,Top
Week 9,Gen.G,DWG KIA,1 - 0,1,11.5,Senna,Kalista,Seraphine,Renekton,Graves,Hecarim,Udyr,"Lillia, Kai'Sa","Jinx, Thresh",Sion,Irelia,Yone,Syndra,Lucian,Leona,"Orianna, Cho'Gath",Zoe,Jungle,Bot,Support,Mid,Top,Jungle,Bot,Top,Support,Mid
Week 8,Nongshim RedForce,DWG KIA,0 - 2,2,11.4,Senna,Thresh,Sion,Seraphine,Udyr,Tristana,Rell,"Kai'Sa, Gragas","Nidalee, Aphelios",Hecarim,Sett,Zoe,Azir,Gnar,Syndra,"Renekton, Aatrox",Rumble,Support,Jungle,Bot,Mid,Top,Bot,Support,Jungle,Mid,Top
Week 8,DWG KIA,Nongshim RedForce,1 - 0,1,11.4,Thresh,Senna,Tristana,Seraphine,Rell,Udyr,Kai'Sa,"Aphelios, Lillia","Hecarim, Gragas",Gnar,Lulu,Sett,Galio,Alistar,Leona,"Sion, Zoe",Azir,Bot,Jungle,Support,Top,Mid,Bot,Jungle,Top,Support,Mid
Week 8,Liiv SANDBOX,Hanwha Life Esports,1 - 2,2,11.4,Renekton,Seraphine,Thresh,Gnar,Gragas,Camille,Udyr,"Lillia, Rell","Alistar, Syndra",Kai'Sa,Kalista,Lucian,Tristana,Aatrox,Sion,"Xayah, Irelia",Mordekaiser,Jungle,Support,Mid,Bot,Top,Jungle,Support,Bot,Mid,Top
Week 8,Hanwha Life Esports,Liiv SANDBOX,1 - 1,2,11.4,Gnar,Renekton,Seraphine,Thresh,Olaf,Gragas,Hecarim,"Camille, Azir","Rell, Sion",Udyr,Viktor,Rakan,Syndra,Alistar,Leona,"Kai'Sa, LeBlanc",Ezreal,Jungle,Support,Top,Bot,Mid,Top,Mid,Jungle,Support,Bot
Week 8,Liiv SANDBOX,Hanwha Life Esports,0 - 1,2,11.4,Renekton,Seraphine,Thresh,Gnar,Hecarim,Lillia,Udyr,"Rell, Olaf","Gragas, Camille",Sion,Viktor,Kai'Sa,Orianna,Zoe,Azir,"Kalista, Syndra",Tristana,Jungle,Support,Top,Bot,Mid,Support,Jungle,Top,Mid,Bot
Week 8,Afreeca Freecs,Fredit BRION,0 - 2,2,11.4,Tristana,Seraphine,Rakan,Lillia,Kalista,Rell,Hecarim,"Kai'Sa, Udyr","Varus, Alistar",Syndra,Gnar,Galio,Orianna,Nautilus,Gragas,"Nocturne, Kennen",Leona,Jungle,Bot,Support,Mid,Top,Bot,Jungle,Mid,Top,Support
Week 8,Fredit BRION,Afreeca Freecs,1 - 0,1,11.4,Thresh,Renekton,Rell,Udyr,Hecarim,Lillia,Seraphine,"Senna, Graves","Olaf, Tristana",Tahm Kench,Nautilus,Orianna,Rakan,Azir,Syndra,"Gnar, Alistar",Jayce,Mid,Jungle,Bot,Top,Support,Bot,Jungle,Support,Mid,Top
Week 8,T1,Gen.G,2 - 0,1,11.4,Renekton,Thresh,Kalista,Lillia,Rell,Senna,Seraphine,"Azir, Udyr","Hecarim, Kai'Sa",Camille,Gragas,Xayah,Kennen,Tristana,Aphelios,"Leona, Gnar",Galio,Mid,Jungle,Bot,Support,Top,Mid,Jungle,Top,Bot,Support
Week 8,Gen.G,T1,0 - 1,2,11.4,Thresh,Renekton,Twisted Fate,Kalista,Lillia,Rell,Udyr,"Seraphine, Senna","Camille, Azir",Hecarim,Kai'Sa,Tahm Kench,Xayah,Kennen,Gragas,"Ezreal, Karma",Nautilus,Jungle,Top,Mid,Bot,Support,Mid,Bot,Jungle,Top,Support
Week 8,Nongshim RedForce,DRX,2 - 1,1,11.4,Udyr,Thresh,Kindred,Tristana,Renekton,Rell,Seraphine,"Kai'Sa, Orianna","Graves, Sion",Gnar,Aphelios,Lillia,Xayah,Nidalee,Dr. Mundo,"Ezreal, Alistar",Rakan,Mid,Jungle,Top,Bot,Support,Bot,Mid,Top,Jungle,Support
Week 8,DRX,Nongshim RedForce,1 - 1,1,11.4,Thresh,Udyr,Tristana,Renekton,Seraphine,Lillia,Rell,"Kai'Sa, Nidalee","Kindred, Sion",Alistar,Xayah,Gnar,Syndra,Aatrox,Azir,"Ezreal, Viktor",Sett,Support,Jungle,Top,Bot,Mid,Bot,Jungle,Support,Mid,Top
Week 8,Nongshim RedForce,DRX,1 - 0,1,11.4,Udyr,Thresh,Renekton,Hecarim,Lillia,Seraphine,Rell,"Alistar, Nidalee","Graves, Tristana",Kai'Sa,Azir,Gnar,Gragas,Jayce,Syndra,"Sion, Orianna",Jax,Support,Jungle,Bot,Top,Mid,Support,Jungle,Bot,Mid,Top
Week 8,Liiv SANDBOX,KT Rolster,2 - 0,1,11.4,Renekton,Udyr,Thresh,Zoe,Hecarim,Lillia,Gnar,"Rell, Nidalee","Syndra, Kai'Sa",Jayce,Alistar,Aphelios,Graves,Jinx,Tristana,"Gragas, Olaf",Azir,Top,Mid,Bot,Support,Jungle,Support,Jungle,Top,Bot,Mid
Week 8,KT Rolster,Liiv SANDBOX,0 - 1,2,11.4,Udyr,Hecarim,Gnar,Renekton,Zoe,Thresh,Lillia,"Syndra, Gragas","Rell, Azir",Kai'Sa,Aphelios,Alistar,Jinx,Graves,Nidalee,"Tristana, Camille",Jayce,Jungle,Support,Mid,Bot,Top,Mid,Support,Bot,Jungle,Top
Week 8,Hanwha Life Esports,Afreeca Freecs,2 - 0,1,11.4,Seraphine,Lucian,Azir,Renekton,Hecarim,Lillia,Udyr,"Thresh, Nidalee","Varus, Camille",Kalista,Tahm Kench,Gnar,Aatrox,Jax,Gragas,"Alistar, Viktor",Sett,Jungle,Bot,Top,Support,Mid,Support,Jungle,Bot,Top,Mid
Week 8,Afreeca Freecs,Hanwha Life Esports,0 - 1,2,11.4,Lucian,Seraphine,Renekton,Lillia,Udyr,Hecarim,Rell,"Nidalee, Thresh","Kai'Sa, Olaf",Jinx,Azir,Yone,Viktor,Irelia,Aatrox,"Gnar, Syndra",Kennen,Support,Bot,Jungle,Top,Mid,Jungle,Support,Bot,Mid,Top
Week 8,DWG KIA,Fredit BRION,2 - 0,1,11.4,Thresh,Senna,Tristana,Nidalee,Rell,Lillia,Seraphine,"Kai'Sa, Hecarim","Graves, Xayah",Azir,Syndra,Alistar,Zoe,Gnar,Rakan,"Gragas, Sion",Renekton,Mid,Jungle,Bot,Support,Top,Bot,Jungle,Mid,Support,Top
Week 8,Fredit BRION,DWG KIA,0 - 1,2,11.4,Senna,Thresh,Nidalee,Tristana,Lillia,Seraphine,Rell,"Gragas, Kai'Sa","Hecarim, Jinx",Graves,Orianna,Alistar,Zoe,Syndra,Azir,"Viktor, Gnar",Lulu,Support,Jungle,Bot,Mid,Top,Support,Bot,Jungle,Mid,Top
Week 7,Gen.G,Hanwha Life Esports,2 - 0,1,11.4,Lucian,Azir,Lillia,Renekton,Gragas,Hecarim,Udyr,"Rell, Olaf","Alistar, Kalista",Tristana,Gnar,Yone,Orianna,Sylas,Sion,"Syndra, Camille",Shen,Jungle,Support,Bot,Mid,Top,Support,Jungle,Bot,Mid,Top
Week 7,Hanwha Life Esports,Gen.G,0 - 1,2,11.4,Kalista,Lillia,Aphelios,Udyr,Renekton,Lucian,Kai'Sa,"Rell, Hecarim","Syndra, Gragas",Azir,Sion,Gnar,Olaf,Tristana,Xayah,"Rek'Sai, Leona",Camille,Bot,Mid,Top,Jungle,Support,Support,Jungle,Mid,Bot,Top
Week 7,Fredit BRION,DRX,0 - 2,2,11.4,Udyr,Skarner,Kindred,Tristana,Seraphine,Azir,Lillia,"Nidalee, Rell","Aphelios, Thresh",Jinx,Galio,Jayce,Gragas,Gnar,Renekton,"Sion, Orianna",Syndra,Jungle,Bot,Support,Top,Mid,Jungle,Support,Bot,Top,Mid
Week 7,DRX,Fredit BRION,1 - 0,1,11.4,Skarner,Udyr,Azir,Seraphine,Tristana,Lillia,Kai'Sa,"Hecarim, Rell","Kindred, Alistar",Jinx,Gnar,Galio,Volibear,Renekton,Sion,"Gragas, Orianna",Zoe,Bot,Jungle,Support,Top,Mid,Jungle,Support,Bot,Top,Mid
Week 7,KT Rolster,T1,0 - 2,2,11.4,Kalista,Tristana,Thresh,Rell,Irelia,Kai'Sa,Lillia,"Gnar, Senna","Jinx, Azir",Udyr,Camille,Tahm Kench,Jayce,Nautilus,Zoe,"Gangplank, Leona",Sett,Jungle,Bot,Mid,Top,Support,Top,Bot,Jungle,Mid,Support
Week 7,T1,KT Rolster,1 - 0,1,11.4,Gnar,Kalista,Hecarim,Renekton,Tristana,Lucian,Thresh,"Rell, Udyr","Lillia, Aphelios",Jinx,Irelia,Jayce,Camille,Azir,Sion,"Zoe, Aatrox",Vladimir,Support,Jungle,Bot,Mid,Top,Support,Jungle,Bot,Mid,Top
Week 7,Afreeca Freecs,DWG KIA,0 - 2,2,11.4,Alistar,Seraphine,Lucian,Rell,Syndra,Lillia,Udyr,"Senna, Hecarim","Aphelios, Nautilus",Tahm Kench,Renekton,Gangplank,Gnar,Azir,Zoe,"Sion, Camille",Gragas,Jungle,Bot,Support,Mid,Top,Bot,Jungle,Support,Mid,Top
Week 7,DWG KIA,Afreeca Freecs,1 - 0,1,11.4,Seraphine,Rell,Renekton,Senna,Irelia,Syndra,Lillia,"Udyr, Thresh","Lucian, Varus",Jinx,Alistar,Viktor,Gnar,Orianna,Pantheon,"Sion, Gragas",Nasus,Jungle,Mid,Bot,Top,Support,Jungle,Support,Bot,Mid,Top
Week 7,Liiv SANDBOX,Gen.G,2 - 0,1,11.4,Kalista,Seraphine,Renekton,Gnar,Azir,Camille,Udyr,"Nidalee, Syndra","Orianna, Rell",Sion,Jayce,Aphelios,Aatrox,Kai'Sa,Alistar,"Ezreal, Irelia",Vayne,Jungle,Mid,Support,Bot,Top,Jungle,Mid,Top,Support,Bot
Week 7,Gen.G,Liiv SANDBOX,0 - 1,2,11.4,Gnar,Kalista,Seraphine,Renekton,Nidalee,Syndra,Azir,"Udyr, Camille","Lillia, Rell",Viktor,Aphelios,Thresh,Jayce,Rakan,Kai'Sa,"Xayah, Volibear",Alistar,Mid,Jungle,Support,Bot,Top,Jungle,Top,Mid,Bot,Support
Week 7,Nongshim RedForce,Hanwha Life Esports,0 - 2,2,11.4,Lucian,Nidalee,Udyr,Tristana,Renekton,Thresh,Rell,"Kai'Sa, Lillia","Hecarim, Aphelios",Sion,Gnar,Yone,Aatrox,Alistar,Janna,"Gragas, Azir",Olaf,Support,Jungle,Bot,Top,Mid,Bot,Mid,Top,Support,Jungle
Week 7,Hanwha Life Esports,Nongshim RedForce,1 - 0,1,11.4,Nidalee,Lucian,Tristana,Renekton,Thresh,Rell,Udyr,"Kai'Sa, Olaf","Sion, Azir",Alistar,Kalista,Aatrox,Jinx,Gnar,Syndra,"Xayah, Rakan",Cassiopeia,Jungle,Top,Mid,Bot,Support,Bot,Jungle,Support,Mid,Top
Week 7,T1,Fredit BRION,0 - 2,2,11.4,Udyr,Irelia,Rell,Lucian,Tristana,Lillia,Seraphine,"Thresh, Jinx","Kai'Sa, Pyke",Azir,Gnar,Skarner,Olaf,Hecarim,Renekton,"Sion, Graves",Taliyah,Mid,Bot,Support,Top,Jungle,Support,Bot,Mid,Top,Jungle
Week 7,Fredit BRION,T1,1 - 0,1,11.4,Thresh,Rell,Irelia,Udyr,Lucian,Seraphine,Lillia,"Renekton, Nidalee","Gnar, Tristana",Syndra,Azir,Kalista,Alistar,Ezreal,Kai'Sa,"Orianna, Rakan",Nautilus,Jungle,Top,Bot,Mid,Support,Top,Jungle,Mid,Bot,Support
Week 7,KT Rolster,DRX,1 - 2,2,11.4,Syndra,Azir,Zoe,Hecarim,Udyr,Seraphine,Thresh,"Rell, Lillia","Graves, Jinx",Gnar,Irelia,Lucian,Sion,Tristana,Orianna,"Viktor, Kennen",Kai'Sa,Support,Jungle,Bot,Mid,Top,Support,Jungle,Top,Mid,Bot
Week 7,DRX,KT Rolster,1 - 1,2,11.4,Azir,Udyr,Hecarim,Syndra,Rell,Lillia,Seraphine,"Thresh, Jinx","Dr. Mundo, Kai'Sa",Graves,Alistar,Sylas,Gnar,Renekton,Orianna,"Wukong, Blitzcrank",Gragas,Mid,Jungle,Bot,Top,Support,Support,Bot,Jungle,Mid,Top
Week 7,KT Rolster,DRX,0 - 1,2,11.4,Syndra,Azir,Thresh,Seraphine,Renekton,Rell,Kai'Sa,"Xayah, Udyr","Rakan, Gnar",Jayce,Lillia,Leona,Hecarim,Orianna,Alistar,"Viktor, Nidalee",Zoe,Bot,Support,Top,Mid,Jungle,Bot,Jungle,Top,Support,Mid
Week 6,Nongshim RedForce,Liiv SANDBOX,2 - 0,1,11.3,Gnar,Thresh,Gragas,Seraphine,Udyr,Nidalee,Rell,"Renekton, Lillia","Graves, Tristana",Samira,Ornn,Galio,Sion,Alistar,Nautilus,"Azir, Kennen",Lucian,Support,Jungle,Bot,Mid,Top,Top,Jungle,Bot,Support,Mid
Week 6,Liiv SANDBOX,Nongshim RedForce,0 - 1,2,11.3,Gragas,Rell,Aatrox,Udyr,Thresh,Gnar,Seraphine,"Renekton, Nidalee","Kai'Sa, Graves",Tristana,Galio,Sylas,Ornn,Alistar,Leona,"Nautilus, Sion",Azir,Mid,Bot,Jungle,Support,Top,Top,Jungle,Bot,Support,Mid
Week 6,Gen.G,Afreeca Freecs,2 - 1,1,11.3,Seraphine,Kalista,Rell,Renekton,Lillia,Udyr,Nidalee,"Graves, Syndra","Azir, Aphelios",Kai'Sa,Leona,Jayce,Sett,Gangplank,Nautilus,"Gnar, Galio",Irelia,Jungle,Mid,Bot,Top,Support,Jungle,Mid,Bot,Support,Top
Week 6,Afreeca Freecs,Gen.G,1 - 1,2,11.3,Renekton,Seraphine,Kalista,Rell,Azir,Lillia,Udyr,"Nidalee, Syndra","Kai'Sa, Orianna",Aphelios,Jayce,Nautilus,Alistar,Irelia,Leona,"Gnar, Gragas",Camille,Jungle,Bot,Mid,Top,Support,Jungle,Mid,Bot,Support,Top
Week 6,Gen.G,Afreeca Freecs,0 - 1,2,11.3,Seraphine,Kalista,Sett,Renekton,Rell,Syndra,Udyr,"Lillia, Azir","Kai'Sa, Zoe",Samira,Galio,Gnar,Camille,Aatrox,Nautilus,"Volibear, Alistar",Jayce,Jungle,Bot,Mid,Top,Support,Jungle,Mid,Bot,Support,Top
Week 6,T1,DWG KIA,1 - 2,2,11.3,Udyr,Thresh,Senna,Renekton,Kai'Sa,Lillia,Rell,"Alistar, Nidalee","Graves, Samira",Xayah,Orianna,Azir,Gnar,Sion,Seraphine,"Ryze, Camille",Gangplank,Support,Jungle,Bot,Mid,Top,Support,Jungle,Bot,Mid,Top
Week 6,DWG KIA,T1,1 - 1,2,11.3,Renekton,Udyr,Thresh,Rell,Irelia,Kai'Sa,Seraphine,"Lucian, Lillia","Kayn, Ezreal",Senna,Azir,Kalista,Gragas,Gnar,Camille,"Sion, Syndra",Nautilus,Support,Jungle,Bot,Top,Mid,Mid,Jungle,Bot,Top,Support
Week 6,T1,DWG KIA,0 - 1,2,11.3,Udyr,Thresh,Rell,Renekton,Kai'Sa,Seraphine,Lillia,"Senna, Kayn","Camille, Irelia",Sion,Kalista,Azir,Ezreal,Nautilus,Viktor,"Lucian, Yuumi",Maokai,Jungle,Top,Mid,Bot,Support,Bot,Jungle,Top,Mid,Support
Week 6,Hanwha Life Esports,DRX,2 - 0,1,11.3,Seraphine,Lucian,Gnar,Lillia,Orianna,Yone,Udyr,"Aphelios, Thresh","Renekton, Kai'Sa",Syndra,Twisted Fate,Quinn,Rell,Dr. Mundo,Jayce,"Pyke, Malphite",Skarner,Jungle,Mid,Bot,Support,Top,Bot,Support,Mid,Top,Jungle
Week 6,DRX,Hanwha Life Esports,0 - 1,2,11.3,Yone,Seraphine,Lillia,Udyr,Rell,Gnar,Renekton,"Gragas, Kai'Sa","Nidalee, Orianna",Lucian,Xayah,Taliyah,Aphelios,Skarner,Karthus,"Senna, Tahm Kench",Braum,Top,Jungle,Mid,Support,Bot,Top,Bot,Mid,Jungle,Support
Week 6,KT Rolster,Afreeca Freecs,0 - 2,2,11.3,Seraphine,Renekton,Gragas,Rell,Lillia,Udyr,Alistar,"Kai'Sa, Galio","Samira, Graves",Nidalee,Azir,Sion,Viktor,Orianna,Syndra,"Zoe, Gnar",Irelia,Support,Bot,Jungle,Mid,Top,Bot,Support,Jungle,Mid,Top
Week 6,Afreeca Freecs,KT Rolster,1 - 0,1,11.3,Samira,Seraphine,Azir,Renekton,Alistar,Udyr,Rell,"Kai'Sa, Leona","Lillia, Tristana",Kayn,Orianna,Gnar,Sett,Camille,Syndra,"Gragas, Sion",Kled,Support,Jungle,Bot,Top,Mid,Bot,Support,Jungle,Mid,Top
Week 6,Gen.G,Fredit BRION,2 - 1,1,11.3,Lillia,Renekton,Thresh,Kalista,Seraphine,Udyr,Nidalee,"Sion, Orianna","Azir, Kai'Sa",Tristana,Gnar,Rakan,Camille,Rell,Alistar,"Volibear, Galio",Skarner,Jungle,Mid,Bot,Top,Support,Top,Mid,Bot,Support,Jungle
Week 6,Fredit BRION,Gen.G,1 - 1,1,11.3,Renekton,Seraphine,Azir,Thresh,Kalista,Udyr,Lillia,"Nidalee, Kai'Sa","Orianna, Tristana",Syndra,Galio,Alistar,Rell,Gragas,Leona,"Sion, Rakan",Gnar,Jungle,Mid,Bot,Top,Support,Jungle,Bot,Mid,Support,Top
Week 6,Gen.G,Fredit BRION,1 - 0,1,11.3,Seraphine,Renekton,Thresh,Azir,Lillia,Kalista,Udyr,"Orianna, Olaf","Kai'Sa, Syndra",Tristana,Camille,Gragas,Gangplank,Rell,Gnar,"Irelia, Alistar",Rakan,Jungle,Bot,Mid,Top,Support,Mid,Jungle,Bot,Top,Support
Week 6,Liiv SANDBOX,DWG KIA,0 - 2,2,11.3,Senna,Renekton,Syndra,Aphelios,Graves,Gnar,Seraphine,"Rell, Udyr","Gragas, Kai'Sa",Tristana,Alistar,Sion,Camille,Ornn,Azir,"Hecarim, Nautilus",Aatrox,Mid,Top,Bot,Jungle,Support,Support,Jungle,Bot,Mid,Top
Week 6,DWG KIA,Liiv SANDBOX,1 - 0,1,11.3,Renekton,Senna,Aphelios,Seraphine,Irelia,Rell,Kai'Sa,"Graves, Alistar","Udyr, Syndra",Samira,Galio,Azir,Gragas,Ornn,Gnar,"Sion, Rakan",Orianna,Bot,Jungle,Mid,Top,Support,Jungle,Support,Bot,Top,Mid
Week 6,T1,Nongshim RedForce,2 - 0,1,11.3,Azir,Irelia,Kai'Sa,Syndra,Rell,Udyr,Renekton,"Nidalee, Thresh","Lillia, Lucian",Aphelios,Samira,Sion,Ezreal,Viktor,Orianna,"Kalista, Neeko",Aatrox,Top,Jungle,Mid,Bot,Support,Jungle,Support,Bot,Mid,Top
Week 6,Nongshim RedForce,T1,0 - 1,2,11.3,Irelia,Rell,Gnar,Kai'Sa,Syndra,Udyr,Nidalee,"Renekton, Lillia","Samira, Alistar",Lucian,Azir,Kalista,Sion,Aphelios,Galio,"Aatrox, Viktor",Ezreal,Jungle,Bot,Support,Top,Mid,Top,Jungle,Mid,Support,Bot
Week 5,T1,Liiv SANDBOX,2 - 0,1,11.3,Rell,Irelia,Gnar,Aphelios,Seraphine,Renekton,Kai'Sa,"Udyr, Samira","Nidalee, Alistar",Nautilus,Yone,Camille,Aatrox,Azir,Gragas,"Sion, Zoe",Orianna,Bot,Jungle,Support,Top,Mid,Jungle,Bot,Support,Top,Mid
Week 5,Liiv SANDBOX,T1,0 - 1,2,11.3,Irelia,Rell,Renekton,Seraphine,Nidalee,Gnar,Kai'Sa,"Thresh, Aphelios","Udyr, Azir",Syndra,Aatrox,Olaf,Nautilus,Ornn,Gragas,"Alistar, Camille",Graves,Bot,Jungle,Mid,Support,Top,Support,Bot,Mid,Top,Jungle
Week 5,Afreeca Freecs,DRX,1 - 2,2,11.3,Udyr,Rell,Kindred,Seraphine,Volibear,Samira,Gragas,"Aphelios, Thresh","Kai'Sa, Renekton",Gnar,Taliyah,Azir,Nidalee,Lillia,Dr. Mundo,"Olaf, Viktor",Syndra,Support,Bot,Top,Jungle,Mid,Bot,Support,Top,Jungle,Mid
Week 5,DRX,Afreeca Freecs,1 - 1,1,11.3,Gragas,Udyr,Rell,Seraphine,Taliyah,Aphelios,Nidalee,"Kai'Sa, Renekton","Xayah, Volibear",Kindred,Thresh,Nautilus,Rakan,Twisted Fate,Galio,"Alistar, Syndra",Viktor,Jungle,Bot,Top,Support,Mid,Bot,Top,Jungle,Support,Mid
Week 5,Afreeca Freecs,DRX,1 - 0,1,11.3,Udyr,Gragas,Kindred,Rell,Aphelios,Seraphine,Renekton,"Kai'Sa, Nidalee","Taliyah, Samira",Volibear,Nautilus,Lucian,Galio,Alistar,Leona,"Rakan, Orianna",Syndra,Top,Jungle,Bot,Support,Mid,Bot,Jungle,Top,Support,Mid
Week 5,Hanwha Life Esports,DWG KIA,1 - 2,2,11.3,Rell,Alistar,Kayn,Lucian,Graves,Seraphine,Kai'Sa,"Udyr, Senna","Lillia, Renekton",Sion,Gragas,Morgana,Yone,Syndra,Azir,"Nautilus, Tristana",Heimerdinger,Bot,Jungle,Top,Support,Mid,Jungle,Bot,Top,Mid,Support
Week 5,DWG KIA,Hanwha Life Esports,1 - 1,1,11.3,Lucian,Rell,Samira,Kai'Sa,Udyr,Kayn,Seraphine,"Olaf, Gragas","Graves, Ezreal",Sivir,Syndra,Twisted Fate,Alistar,Azir,Zoe,"Viktor, Sion",Sett,Support,Jungle,Bot,Mid,Top,Jungle,Support,Bot,Mid,Top
Week 5,Hanwha Life Esports,DWG KIA,1 - 0,1,11.3,Rell,Udyr,Kayn,Seraphine,Syndra,Alistar,Kai'Sa,"Kalista, Gragas","Lillia, Nautilus",Graves,Yone,Azir,Twisted Fate,Viktor,Orianna,"Renekton, Lucian",Sion,Bot,Jungle,Support,Top,Mid,Bot,Support,Jungle,Mid,Top
Week 5,Gen.G,Nongshim RedForce,2 - 0,1,11.3,Thresh,Kalista,Sett,Rell,Olaf,Udyr,Renekton,"Gragas, Graves","Nidalee, Azir",Samira,Kai'Sa,Galio,Ezreal,Alistar,Leona,"Nautilus, Xayah",Syndra,Top,Jungle,Mid,Support,Bot,Top,Jungle,Bot,Support,Mid
Week 5,Nongshim RedForce,Gen.G,0 - 1,2,11.3,Kalista,Thresh,Renekton,Sett,Udyr,Olaf,Rell,"Kai'Sa, Nidalee","Graves, Samira",Alistar,Jayce,Syndra,Galio,Camille,Gnar,"Cassiopeia, Azir",Zoe,Support,Jungle,Bot,Top,Mid,Bot,Jungle,Support,Top,Mid
Week 5,Fredit BRION,KT Rolster,0 - 2,2,11.3,Samira,Udyr,Thresh,Seraphine,Nidalee,Kai'Sa,Rell,"Alistar, Azir","Kalista, Lillia",Xayah,Gnar,Hecarim,Sion,Renekton,Kayn,"Orianna, Aatrox",Gragas,Support,Bot,Jungle,Mid,Top,Support,Mid,Bot,Jungle,Top
Week 5,KT Rolster,Fredit BRION,1 - 0,1,11.3,Gragas,Samira,Lillia,Thresh,Seraphine,Jayce,Kai'Sa,"Rell, Udyr","Nidalee, Alistar",Orianna,Syndra,Kalista,Viktor,Tristana,Gnar,"Azir, Gangplank",Aphelios,Bot,Jungle,Support,Mid,Top,Support,Jungle,Mid,Top,Bot
Week 5,DRX,T1,2 - 1,1,11.3,Twisted Fate,Syndra,Aphelios,Gnar,Azir,Samira,Seraphine,"Rell, Kai'Sa","Udyr, Xayah",Olaf,Rakan,Kennen,Volibear,Sylas,Renekton,"Thresh, Jayce",Orianna,Mid,Jungle,Bot,Support,Top,Support,Bot,Jungle,Top,Mid
Week 5,T1,DRX,1 - 1,1,11.3,Syndra,Twisted Fate,Gnar,Aphelios,Alistar,Seraphine,Olaf,"Kai'Sa, Gragas","Rell, Azir",Kindred,Tristana,Zoe,Kalista,Volibear,Viktor,"Samira, Renekton",Leona,Jungle,Support,Mid,Bot,Top,Bot,Top,Jungle,Mid,Support
Week 5,DRX,T1,1 - 0,1,11.3,Twisted Fate,Syndra,Aphelios,Rell,Irelia,Seraphine,Kai'Sa,"Gnar, Olaf","Kindred, Jayce",Orianna,Viktor,Kalista,Lulu,Gragas,Xayah,"Alistar, Zoe",Rakan,Bot,Jungle,Top,Support,Mid,Top,Jungle,Mid,Bot,Support
Week 5,Gen.G,Afreeca Freecs,2 - 0,1,11.3,Gnar,Kalista,Seraphine,Rell,Olaf,Udyr,Renekton,"Gragas, Kai'Sa","Nidalee, Azir",Quinn,Aphelios,Twisted Fate,Nautilus,Taliyah,Lillia,"Ezreal, Galio",Sett,Top,Jungle,Mid,Bot,Support,Support,Bot,Top,Jungle,Mid
Week 5,Afreeca Freecs,Gen.G,0 - 1,2,11.3,Udyr,Seraphine,Lillia,Gnar,Kalista,Olaf,Rell,"Kai'Sa, Renekton","Xayah, Graves",Nidalee,Twisted Fate,Galio,Gragas,Alistar,Leona,"Mordekaiser, Viktor",Azir,Support,Bot,Jungle,Top,Mid,Bot,Top,Jungle,Support,Mid
Week 5,Nongshim RedForce,Hanwha Life Esports,1 - 2,2,11.3,Olaf,Nidalee,Yone,Graves,Udyr,Lillia,Rell,"Kai'Sa, Renekton","Samira, Gragas",Alistar,Kindred,Taliyah,Hecarim,Orianna,Skarner,"Syndra, Trundle",Viktor,Support,Bot,Top,Mid,Jungle,Bot,Top,Support,Jungle,Mid
Week 5,Hanwha Life Esports,Nongshim RedForce,1 - 1,1,11.3,Nidalee,Rell,Graves,Udyr,Aphelios,Olaf,Kai'Sa,"Samira, Lillia","Taliyah, Renekton",Alistar,Yone,Gnar,Irelia,Azir,Sion,"Gragas, Galio",Sett,Bot,Jungle,Mid,Top,Support,Bot,Jungle,Support,Top,Mid
Week 5,Nongshim RedForce,Hanwha Life Esports,1 - 0,1,11.3,Olaf,Nidalee,Yone,Graves,Udyr,Seraphine,Rell,"Aphelios, Thresh","Lillia, Samira",Skarner,Pantheon,Orianna,Jayce,Gnar,Renekton,"Gragas, Sett",Azir,Support,Jungle,Bot,Top,Mid,Bot,Support,Jungle,Top,Mid
Week 5,Liiv SANDBOX,Fredit BRION,0 - 2,2,11.3,Seraphine,Nidalee,Gragas,Samira,Thresh,Rell,Udyr,"Gnar, Orianna","Azir, Kai'Sa",Lillia,Jayce,Tristana,Camille,Aphelios,Kalista,"Gangplank, Alistar",Rakan,Jungle,Mid,Bot,Top,Support,Top,Mid,Jungle,Bot,Support
Week 5,Fredit BRION,Liiv SANDBOX,1 - 0,1,11.3,Nidalee,Seraphine,Samira,Gragas,Gnar,Thresh,Udyr,"Rell, Kai'Sa","Tristana, Alistar",Olaf,Orianna,Renekton,Syndra,Azir,Camille,"Zoe, Pantheon",Twisted Fate,Jungle,Bot,Support,Mid,Top,Support,Bot,Jungle,Top,Mid
Week 5,KT Rolster,DWG KIA,1 - 2,2,11.3,Gragas,Udyr,Graves,Seraphine,Kayn,Thresh,Rell,"Kai'Sa, Nidalee","Lillia, Samira",Alistar,Yone,Sion,Azir,Ornn,Syndra,"Viktor, Jayce",Wukong,Support,Jungle,Bot,Mid,Top,Bot,Jungle,Support,Mid,Top
Week 5,DWG KIA,KT Rolster,1 - 1,1,11.3,Thresh,Gragas,Seraphine,Udyr,Irelia,Graves,Rell,"Samira, Lillia","Kayn, Kalista",Alistar,Sion,Yone,Zoe,Azir,Viktor,"Ornn, Syndra",Camille,Support,Jungle,Bot,Top,Mid,Bot,Jungle,Support,Mid,Top
Week 5,KT Rolster,DWG KIA,1 - 0,1,11.3,Gragas,Udyr,Graves,Seraphine,Rell,Alistar,Lillia,"Kai'Sa, Kayn","Aphelios, Thresh",Jarvan IV,Yone,Ornn,Azir,Sion,Syndra,"Viktor, Gnar",Gangplank,Jungle,Bot,Support,Mid,Top,Bot,Jungle,Support,Mid,Top
Week 4,DRX,DWG KIA,0 - 2,2,11.2,Taliyah,Gnar,Pantheon,Aphelios,Alistar,Seraphine,Rell,"Gragas, Kalista","Kai'Sa, Olaf",Graves,Orianna,Aatrox,Irelia,Zoe,Syndra,"Viktor, Ornn",Sion,Support,Bot,Jungle,Mid,Top,Support,Bot,Jungle,Mid,Top
Week 4,DWG KIA,DRX,1 - 0,1,11.2,Aphelios,Taliyah,Gnar,Seraphine,Irelia,Alistar,Rell,"Xayah, Thresh","Pantheon, Kai'Sa",Syndra,Orianna,Olaf,Zoe,Udyr,Dr. Mundo,"Viktor, Ornn",Volibear,Support,Jungle,Bot,Mid,Top,Bot,Support,Mid,Jungle,Top
Week 4,Liiv SANDBOX,Hanwha Life Esports,2 - 0,1,11.2,Gragas,Taliyah,Alistar,Gnar,Thresh,Olaf,Rell,"Udyr, Rakan","Kai'Sa, Nidalee",Samira,Quinn,Ornn,Volibear,Renekton,Wukong,"Camille, Azir",Viktor,Support,Bot,Jungle,Top,Mid,Jungle,Support,Bot,Top,Mid
Week 4,Hanwha Life Esports,Liiv SANDBOX,0 - 1,2,11.2,Taliyah,Gragas,Seraphine,Alistar,Udyr,Thresh,Olaf,"Rell, Kai'Sa","Xayah, Rakan",Nidalee,Twisted Fate,Renekton,Galio,Jayce,Gnar,"Gangplank, Azir",Zoe,Jungle,Bot,Support,Top,Mid,Support,Bot,Jungle,Top,Mid
Week 4,KT Rolster,Afreeca Freecs,2 - 1,1,11.2,Pantheon,Udyr,Lulu,Olaf,Taliyah,Seraphine,Rell,"Alistar, Gnar","Lillia, Samira",Kai'Sa,Azir,Graves,Jayce,Hecarim,Nidalee,"Irelia, Viktor",Sett,Support,Jungle,Bot,Top,Mid,Support,Top,Bot,Jungle,Mid
Week 4,Afreeca Freecs,KT Rolster,1 - 1,1,11.2,Udyr,Taliyah,Azir,Seraphine,Thresh,Olaf,Pantheon,"Rell, Lillia","Lulu, Aphelios",Samira,Gragas,Yone,Karthus,Orianna,Gnar,"Syndra, Camille",Viktor,Jungle,Support,Bot,Mid,Top,Support,Jungle,Bot,Top,Mid
Week 4,KT Rolster,Afreeca Freecs,1 - 0,1,11.2,Gragas,Udyr,Seraphine,Olaf,Graves,Thresh,Taliyah,"Gnar, Pantheon","Samira, Rell",Xayah,Renekton,Rakan,Azir,Orianna,Lulu,"Gangplank, Syndra",Karthus,Jungle,Bot,Support,Top,Mid,Top,Mid,Bot,Support,Jungle
Week 4,Fredit BRION,T1,0 - 2,2,11.2,Samira,Taliyah,Aphelios,Olaf,Gnar,Rell,Seraphine,"Kai'Sa, Orianna","Graves, Xayah",Pantheon,Ornn,Jayce,Rakan,Udyr,Renekton,"Gragas, Alistar",Nautilus,Jungle,Mid,Bot,Top,Support,Bot,Mid,Jungle,Top,Support
Week 4,T1,Fredit BRION,1 - 0,1,11.2,Nidalee,Samira,Seraphine,Azir,Olaf,Gnar,Taliyah,"Kai'Sa, Rell","Aphelios, Thresh",Udyr,Renekton,Ornn,Camille,Malphite,Syndra,"Jayce, Sett",Sion,Jungle,Bot,Support,Top,Mid,Bot,Support,Jungle,Mid,Top
Week 4,Nongshim RedForce,Gen.G,0 - 2,2,11.2,Kalista,Thresh,Renekton,Taliyah,Camille,Olaf,Kai'Sa,"Rell, Udyr","Nidalee, Rakan",Aphelios,Sett,Syndra,Nocturne,Azir,Orianna,"Viktor, Gnar",Pantheon,Bot,Jungle,Support,Mid,Top,Support,Jungle,Bot,Mid,Top
Week 4,Gen.G,Nongshim RedForce,1 - 0,1,11.2,Thresh,Kalista,Samira,Renekton,Rell,Taliyah,Olaf,"Kai'Sa, Azir","Syndra, Aphelios",Seraphine,Sett,Udyr,Leona,Sion,Kindred,"Nautilus, Camille",Gragas,Jungle,Mid,Bot,Support,Top,Bot,Mid,Support,Jungle,Top
Week 4,DWG KIA,Liiv SANDBOX,2 - 0,1,11.2,Olaf,Seraphine,Pantheon,Syndra,Udyr,Taliyah,Kai'Sa,"Rell, Nidalee","Graves, Alistar",Samira,Zoe,Gnar,Twisted Fate,Orianna,Azir,"Ryze, Sion",Renekton,Bot,Jungle,Support,Mid,Top,Support,Jungle,Bot,Mid,Top
Week 4,Liiv SANDBOX,DWG KIA,0 - 1,2,11.2,Seraphine,Taliyah,Senna,Olaf,Gragas,Renekton,Kai'Sa,"Xayah, Pantheon","Udyr, Gnar",Syndra,Orianna,Gangplank,Alistar,Sion,Rell,"Nautilus, Azir",Fizz,Bot,Jungle,Top,Support,Mid,Bot,Jungle,Mid,Support,Top
Week 4,Fredit BRION,KT Rolster,2 - 1,1,11.2,Samira,Taliyah,Gnar,Lillia,Udyr,Kai'Sa,Olaf,"Aphelios, Thresh","Seraphine, Kalista",Pantheon,Gragas,Renekton,Ornn,Gangplank,Orianna,"Rell, Sion",Karma,Jungle,Mid,Bot,Support,Top,Bot,Support,Jungle,Mid,Top
Week 4,KT Rolster,Fredit BRION,1 - 1,1,11.2,Gragas,Taliyah,Olaf,Gnar,Lillia,Pantheon,Udyr,"Kai'Sa, Orianna","Samira, Rell",Graves,Viktor,Alistar,Azir,Ornn,Rakan,"Renekton, Zoe",Sion,Jungle,Bot,Support,Top,Mid,Bot,Mid,Jungle,Support,Top
Week 4,Fredit BRION,KT Rolster,1 - 0,1,11.2,Samira,Taliyah,Gnar,Olaf,Azir,Lillia,Kai'Sa,"Seraphine, Udyr","Graves, Orianna",Xayah,Gragas,Viktor,Alistar,Thresh,Rell,"Ornn, Rakan",Aatrox,Bot,Jungle,Mid,Top,Support,Mid,Jungle,Bot,Support,Top
Week 4,Hanwha Life Esports,Afreeca Freecs,2 - 1,1,11.2,Seraphine,Olaf,Gnar,Rell,Taliyah,Xayah,Kai'Sa,"Pantheon, Samira","Udyr, Gragas",Renekton,Ornn,Lillia,Azir,Nautilus,Rakan,"Alistar, Orianna",Syndra,Bot,Jungle,Top,Support,Mid,Jungle,Bot,Top,Support,Mid
Week 4,Afreeca Freecs,Hanwha Life Esports,1 - 1,1,11.2,Azir,Seraphine,Udyr,Olaf,Rell,Renekton,Taliyah,"Pantheon, Camille","Gnar, Kai'Sa",Twisted Fate,Alistar,Xayah,Sett,Samira,Kog'Maw,"Shen, Gragas",Thresh,Jungle,Top,Bot,Support,Mid,Jungle,Top,Mid,Bot,Support
Week 4,Hanwha Life Esports,Afreeca Freecs,1 - 0,1,11.2,Seraphine,Taliyah,Graves,Pantheon,Gnar,Aphelios,Olaf,"Kai'Sa, Lillia","Xayah, Rell",Alistar,Yone,Sylas,Azir,Quinn,Orianna,"Renekton, Viktor",Ornn,Jungle,Bot,Support,Top,Mid,Bot,Jungle,Support,Mid,Top
Week 4,Gen.G,DRX,1 - 2,2,11.2,Rell,Kalista,Udyr,Taliyah,Gnar,Seraphine,Kai'Sa,"Aphelios, Thresh","Nidalee, Renekton",Volibear,Yone,Lillia,Jarvan IV,Dr. Mundo,Olaf,"Orianna, Sett",Syndra,Bot,Jungle,Top,Mid,Support,Bot,Support,Top,Jungle,Mid
Week 4,DRX,Gen.G,1 - 1,2,11.2,Kalista,Rell,Yone,Seraphine,Taliyah,Udyr,Kai'Sa,"Renekton, Nidalee","Gnar, Syndra",Orianna,Lillia,Jarvan IV,Olaf,Xayah,Aphelios,"Dr. Mundo, Sett",Leona,Bot,Top,Mid,Jungle,Support,Top,Jungle,Mid,Bot,Support
Week 4,Gen.G,DRX,0 - 1,2,11.2,Gnar,Kalista,Rell,Taliyah,Seraphine,Yone,Kai'Sa,"Xayah, Udyr","Azir, Renekton",Syndra,Nidalee,Gangplank,Lillia,Thresh,Volibear,"Olaf, Jarvan IV",Rakan,Bot,Mid,Top,Jungle,Support,Bot,Jungle,Mid,Top,Support
Week 4,T1,Nongshim RedForce,2 - 1,1,11.2,Nidalee,Taliyah,Rell,Gnar,Renekton,Azir,Orianna,"Kai'Sa, Udyr","Olaf, Leona",Seraphine,Samira,Viktor,Kalista,Aatrox,Syndra,"Gragas, Vayne",Ornn,Mid,Jungle,Support,Top,Bot,Bot,Jungle,Support,Mid,Top
Week 4,Nongshim RedForce,T1,1 - 1,1,11.2,Kalista,Taliyah,Gnar,Olaf,Azir,Orianna,Kai'Sa,"Udyr, Twisted Fate","Nidalee, Renekton",Xayah,Leona,Quinn,Pantheon,Rakan,Jayce,"Rell, Sett",Thresh,Bot,Jungle,Top,Support,Mid,Jungle,Mid,Bot,Top,Support
Week 4,T1,Nongshim RedForce,1 - 0,1,11.2,Orianna,Twisted Fate,Samira,Aphelios,Olaf,Taliyah,Kai'Sa,"Xayah, Udyr","Gnar, Azir",Thresh,Pantheon,Jayce,Jarvan IV,Zoe,Renekton,"Lillia, Leona",Viktor,Bot,Top,Mid,Jungle,Support,Bot,Jungle,Support,Top,Mid
Week 3,KT Rolster,Nongshim RedForce,0 - 2,2,11.2,Aphelios,Taliyah,Graves,Lillia,Olaf,Samira,Kai'Sa,"Xayah, Orianna","Azir, Hecarim",Thresh,Seraphine,Nidalee,Gnar,Gragas,Kindred,"Alistar, Ornn",Aatrox,Bot,Mid,Jungle,Support,Top,Bot,Mid,Support,Jungle,Top
Week 3,Nongshim RedForce,KT Rolster,1 - 0,1,11.2,Gnar,Kai'Sa,Lillia,Gragas,Samira,Taliyah,Olaf,"Azir, Senna","Aphelios, Thresh",Graves,Syndra,Seraphine,Zoe,Gangplank,Tahm Kench,"Ornn, Orianna",Aatrox,Jungle,Bot,Support,Top,Mid,Mid,Bot,Jungle,Support,Top
Week 3,T1,Afreeca Freecs,0 - 2,2,11.2,Seraphine,Kalista,Orianna,Taliyah,Gnar,Udyr,Olaf,"Graves, Syndra","Kai'Sa, Zoe",Samira,Alistar,Ornn,Camille,Renekton,Gragas,"Pantheon, Akali",Nautilus,Jungle,Bot,Mid,Support,Top,Jungle,Mid,Bot,Top,Support
Week 3,Afreeca Freecs,T1,1 - 0,1,11.2,Camille,Seraphine,Kalista,Taliyah,Udyr,Samira,Olaf,"Kai'Sa, Syndra","Xayah, Orianna",Jarvan IV,Rakan,Gnar,Ornn,Galio,Gragas,"Thresh, Renekton",Pyke,Jungle,Bot,Mid,Support,Top,Bot,Mid,Jungle,Top,Support
Week 3,Gen.G,Liiv SANDBOX,2 - 0,1,11.2,Gnar,Kalista,Samira,Camille,Taliyah,Renekton,Kai'Sa,"Olaf, Xayah","Pantheon, Azir",Twisted Fate,Sett,Gangplank,Gragas,Jayce,Rakan,"Ornn, Jarvan IV",Aatrox,Bot,Jungle,Mid,Top,Support,Jungle,Bot,Mid,Support,Top
Week 3,Liiv SANDBOX,Gen.G,0 - 1,2,11.2,Kalista,Taliyah,Renekton,Gnar,Camille,Kai'Sa,Samira,"Olaf, Xayah","Udyr, Orianna",Azir,Rell,Sett,Alistar,Rakan,Leona,"Galio, Aatrox",Akali,Bot,Jungle,Mid,Support,Top,Jungle,Bot,Mid,Support,Top
Week 3,Fredit BRION,DRX,1 - 2,2,11.2,Udyr,Olaf,Kai'Sa,Pantheon,Orianna,Taliyah,Lillia,"Samira, Gnar","Kalista, Lucian",Viktor,Ornn,Hecarim,Thresh,Graves,Kindred,"Gragas, Alistar",Galio,Jungle,Bot,Mid,Top,Support,Bot,Top,Mid,Jungle,Support
Week 3,DRX,Fredit BRION,1 - 1,2,11.2,Olaf,Udyr,Pantheon,Kai'Sa,Hecarim,Gnar,Samira,"Taliyah, Kalista","Orianna, Rell",Lucian,Lillia,Thresh,Nocturne,Ornn,Gragas,"Graves, Aatrox",Alistar,Bot,Mid,Support,Jungle,Top,Jungle,Bot,Mid,Top,Support
Week 3,Fredit BRION,DRX,0 - 1,2,11.2,Udyr,Olaf,Kai'Sa,Pantheon,Azir,Camille,Taliyah,"Aphelios, Thresh","Yone, Seraphine",Orianna,Kalista,Graves,Miss Fortune,Kindred,Lillia,"Ashe, Gragas",Gnar,Jungle,Mid,Support,Bot,Top,Bot,Support,Mid,Jungle,Top
Week 3,Hanwha Life Esports,DWG KIA,0 - 2,2,11.2,Graves,Twisted Fate,Gnar,Taliyah,Quinn,Kalista,Pantheon,"Kai'Sa, Udyr","Senna, Renekton",Seraphine,Rumble,Gangplank,Gragas,Syndra,Sion,"Azir, Vayne",Zoe,Jungle,Support,Top,Mid,Bot,Bot,Jungle,Support,Top,Mid
Week 3,DWG KIA,Hanwha Life Esports,1 - 0,1,11.2,Lillia,Graves,Camille,Gnar,Taliyah,Pantheon,Kai'Sa,"Renekton, Udyr","Nidalee, Alistar",Twisted Fate,Azir,Kalista,Lucian,Xayah,Senna,"Syndra, Quinn",Gragas,Bot,Jungle,Support,Mid,Top,Top,Jungle,Mid,Bot,Support
Week 3,Afreeca Freecs,Nongshim RedForce,2 - 0,1,11.2,Azir,Seraphine,Aphelios,Taliyah,Graves,Renekton,Olaf,"Orianna, Kai'Sa","Viktor, Samira",Rell,Rakan,Jayce,Alistar,Lillia,Udyr,"Gnar, Nautilus",Gangplank,Jungle,Mid,Bot,Top,Support,Mid,Bot,Support,Jungle,Top
Week 3,Nongshim RedForce,Afreeca Freecs,0 - 1,2,11.2,Seraphine,Aphelios,Renekton,Taliyah,Camille,Syndra,Kai'Sa,"Olaf, Orianna","Alistar, Graves",Samira,Viktor,Rell,Rumble,Gnar,Rakan,"Gragas, Azir",Sylas,Bot,Support,Jungle,Top,Mid,Jungle,Mid,Bot,Support,Top
Week 3,Liiv SANDBOX,T1,0 - 2,2,11.2,Samira,Taliyah,Xayah,Olaf,Renekton,Kai'Sa,Pantheon,"Kalista, Orianna","Viktor, Gnar",Udyr,Alistar,Camille,Leona,Gangplank,Irelia,"Jhin, Tahm Kench",Neeko,Jungle,Mid,Top,Bot,Support,Bot,Mid,Jungle,Top,Support
Week 3,T1,Liiv SANDBOX,1 - 0,1,11.2,Alistar,Renekton,Lillia,Irelia,Olaf,Yone,Taliyah,"Kai'Sa, Udyr","Camille, Orianna",Gnar,Samira,Azir,Aphelios,Seraphine,Viktor,"Leona, Xayah",Rakan,Jungle,Top,Mid,Support,Bot,Bot,Jungle,Top,Mid,Support
Week 3,KT Rolster,DRX,2 - 0,1,11.2,Graves,Renekton,Aphelios,Pantheon,Olaf,Azir,Kai'Sa,"Lillia, Samira","Hecarim, Viktor",Orianna,Gragas,Rell,Gnar,Camille,Sett,"Alistar, Aatrox",Jayce,Bot,Jungle,Mid,Support,Top,Jungle,Bot,Mid,Support,Top
Week 3,DRX,KT Rolster,0 - 1,2,11.2,Renekton,Olaf,Lucian,Kai'Sa,Pantheon,Taliyah,Lillia,"Azir, Hecarim","Jhin, Nocturne",Samira,Gragas,Rell,Galio,Alistar,Leona,"Sett, Rumble",Gnar,Jungle,Bot,Mid,Support,Top,Mid,Jungle,Bot,Support,Top
Week 3,DWG KIA,Gen.G,2 - 1,1,11.2,Renekton,Taliyah,Kalista,Pantheon,Camille,Graves,Kai'Sa,"Xayah, Olaf","Udyr, Seraphine",Rakan,Gnar,Azir,Yone,Syndra,Orianna,"Viktor, Ornn",Gragas,Bot,Jungle,Support,Mid,Top,Bot,Jungle,Support,Mid,Top
Week 3,Gen.G,DWG KIA,1 - 1,2,11.2,Graves,Kalista,Pantheon,Renekton,Twisted Fate,Camille,Kai'Sa,"Taliyah, Xayah","Azir, Udyr",Gnar,Irelia,Syndra,Quinn,Leona,Zoe,"Sett, Sion",Rell,Bot,Mid,Jungle,Support,Top,Jungle,Bot,Top,Mid,Support
Week 3,DWG KIA,Gen.G,0 - 1,2,11.2,Renekton,Graves,Kalista,Taliyah,Camille,Pantheon,Kai'Sa,"Xayah, Lillia","Nidalee, Alistar",Rakan,Yone,Azir,Twisted Fate,Irelia,Syndra,"Gnar, Orianna",Quinn,Bot,Jungle,Support,Top,Mid,Bot,Jungle,Support,Mid,Top
Week 3,Fredit BRION,Hanwha Life Esports,0 - 2,2,11.2,Renekton,Graves,Pantheon,Gnar,Camille,Olaf,Kai'Sa,"Aatrox, Taliyah","Lillia, Gragas",Yone,Seraphine,Samira,Lucian,Senna,Thresh,"Sett, Rell",Vayne,Bot,Jungle,Top,Mid,Support,Top,Jungle,Mid,Support,Bot
Week 3,Hanwha Life Esports,Fredit BRION,1 - 0,1,11.2,Graves,Renekton,Gnar,Taliyah,Samira,Kai'Sa,Pantheon,"Olaf, Alistar","Camille, Gragas",Aphelios,Kalista,Orianna,Twisted Fate,Zoe,Syndra,"Senna, Rumble",Ornn,Jungle,Top,Support,Bot,Mid,Jungle,Support,Bot,Mid,Top
Week 2,Gen.G,Hanwha Life Esports,1 - 2,2,11.1,Twisted Fate,Renekton,Pantheon,Kalista,Lillia,Kai'Sa,Taliyah,"Camille, Olaf","Gnar, Samira",Vayne,Azir,Galio,Rell,Shen,Alistar,"Gragas, Syndra",Akali,Jungle,Top,Bot,Support,Mid,Top,Jungle,Bot,Support,Mid
Week 2,Hanwha Life Esports,Gen.G,1 - 1,1,11.1,Renekton,Twisted Fate,Kalista,Taliyah,Graves,Pantheon,Kai'Sa,"Camille, Olaf","Gnar, Lillia",Jhin,Leona,Maokai,Alistar,Orianna,Sett,"Rell, Yone",Syndra,Bot,Top,Jungle,Support,Mid,Top,Jungle,Bot,Support,Mid
Week 2,Gen.G,Hanwha Life Esports,1 - 0,1,11.1,Twisted Fate,Renekton,Pantheon,Camille,Taliyah,Jarvan IV,Kai'Sa,"Kalista, Olaf","Graves, Syndra",Galio,Nautilus,Gnar,Alistar,Rell,Sett,"Leona, Akali",Kennen,Bot,Jungle,Mid,Support,Top,Bot,Jungle,Mid,Support,Top
Week 2,KT Rolster,T1,2 - 1,1,11.1,Aphelios,Taliyah,Olaf,Kai'Sa,Pantheon,Rell,Samira,"Renekton, Lillia","Nidalee, Gnar",Vayne,Alistar,Irelia,Viktor,Lucian,Yone,"Leona, Twisted Fate",Galio,Bot,Jungle,Top,Support,Mid,Top,Jungle,Bot,Mid,Support
Week 2,T1,KT Rolster,1 - 1,2,11.1,Twisted Fate,Pantheon,Olaf,Taliyah,Quinn,Aphelios,Kai'Sa,"Samira, Lillia","Udyr, Orianna",Yone,Galio,Gnar,Gragas,Alistar,Renekton,"Gangplank, Rakan",Rell,Bot,Jungle,Mid,Top,Support,Bot,Jungle,Mid,Top,Support
Week 2,KT Rolster,T1,0 - 1,2,11.1,Aphelios,Taliyah,Olaf,Pantheon,Zoe,Kai'Sa,Samira,"Vayne, Renekton","Lillia, Alistar",Galio,Gnar,Nidalee,Lucian,Gragas,Syndra,"Orianna, Gangplank",Jarvan IV,Bot,Jungle,Support,Mid,Top,Bot,Top,Support,Mid,Jungle
Week 2,Nongshim RedForce,Fredit BRION,2 - 0,1,11.1,Orianna,Taliyah,Alistar,Nidalee,Graves,Olaf,Kai'Sa,"Pantheon, Syndra","Zoe, Rell",Samira,Lillia,Rakan,Hecarim,Gnar,Sett,"Gragas, Kindred",Aatrox,Bot,Mid,Support,Top,Jungle,Jungle,Mid,Bot,Support,Top
Week 2,Fredit BRION,Nongshim RedForce,0 - 1,2,11.1,Taliyah,Alistar,Nidalee,Orianna,Syndra,Twisted Fate,Zoe,"Kai'Sa, Graves","Olaf, Xayah",Viktor,Rakan,Aatrox,Gnar,Rell,Leona,"Thresh, Gragas",Ornn,Mid,Jungle,Bot,Support,Top,Bot,Jungle,Mid,Support,Top
Week 2,DWG KIA,Afreeca Freecs,2 - 0,1,11.1,Seraphine,Taliyah,Camille,Pantheon,Akali,Graves,Kai'Sa,"Samira, Alistar","Nidalee, Lucian",Syndra,Gnar,Olaf,Aatrox,Ornn,Gragas,"Renekton, Rell",Lee Sin,Bot,Jungle,Mid,Top,Support,Bot,Support,Mid,Top,Jungle
Week 2,Afreeca Freecs,DWG KIA,0 - 1,2,11.1,Lucian,Taliyah,Olaf,Seraphine,Samira,Pantheon,Kai'Sa,"Aphelios, Thresh","Lillia, Nautilus",Graves,Camille,Gnar,Aatrox,Zoe,Ornn,"Orianna, Gangplank",Syndra,Bot,Jungle,Support,Mid,Top,Bot,Support,Jungle,Top,Mid
Week 2,DRX,Liiv SANDBOX,2 - 1,1,11.1,Nidalee,Aphelios,Taliyah,Samira,Olaf,Kai'Sa,Orianna,"Graves, Alistar","Udyr, Jhin",Miss Fortune,Rakan,Akali,Sett,Jayce,Gnar,"Galio, Irelia",Syndra,Mid,Jungle,Bot,Support,Top,Jungle,Support,Bot,Top,Mid
Week 2,Liiv SANDBOX,DRX,1 - 1,1,11.1,Aphelios,Nidalee,Rell,Taliyah,Rakan,Lillia,Kai'Sa,"Graves, Alistar","Olaf, Orianna",Samira,Galio,Syndra,Sett,Akali,Zoe,"Nautilus, Gnar",Sylas,Bot,Jungle,Mid,Support,Top,Jungle,Support,Bot,Mid,Top
Week 2,DRX,Liiv SANDBOX,1 - 0,1,11.1,Nidalee,Aphelios,Lillia,Rell,Taliyah,Samira,Kai'Sa,"Olaf, Alistar","Graves, Sett",Xayah,Orianna,Akali,Gnar,Aatrox,Zoe,"Syndra, Gragas",Ornn,Bot,Jungle,Support,Mid,Top,Jungle,Support,Bot,Mid,Top
Week 2,KT Rolster,Hanwha Life Esports,1 - 2,2,11.1,Maokai,Taliyah,Olaf,Pantheon,Aphelios,Nidalee,Lillia,"Kai'Sa, Hecarim","Samira, Alistar",Galio,Ornn,Camille,Quinn,Akali,Renekton,"Gnar, Yone",Twisted Fate,Jungle,Bot,Support,Top,Mid,Bot,Jungle,Support,Top,Mid
Week 2,Hanwha Life Esports,KT Rolster,1 - 1,1,11.1,Samira,Pantheon,Akali,Taliyah,Quinn,Twisted Fate,Kai'Sa,"Thresh, Olaf","Lillia, Renekton",Aphelios,Sett,Gnar,Yone,Viktor,Orianna,"Gragas, Lucian",Gangplank,Bot,Jungle,Top,Support,Mid,Support,Jungle,Bot,Mid,Top
Week 2,KT Rolster,Hanwha Life Esports,1 - 0,1,11.1,Maokai,Renekton,Camille,Pantheon,Olaf,Kai'Sa,Taliyah,"Akali, Hecarim","Samira, Alistar",Jhin,Lucian,Gragas,Gangplank,Galio,Shen,"Orianna, Gnar",Twisted Fate,Jungle,Bot,Support,Mid,Top,Top,Jungle,Bot,Support,Mid
Week 2,Fredit BRION,DWG KIA,2 - 0,1,11.1,Nidalee,Thresh,Taliyah,Rell,Pantheon,Gragas,Kai'Sa,"Aphelios, Olaf","Graves, Alistar",Syndra,Orianna,Maokai,Gnar,Gangplank,Galio,"Ornn, Zoe",Kayle,Bot,Jungle,Support,Top,Mid,Bot,Jungle,Mid,Support,Top
Week 2,DWG KIA,Fredit BRION,0 - 1,2,11.1,Thresh,Pantheon,Rell,Taliyah,Akali,Nidalee,Olaf,"Kai'Sa, Graves","Aphelios, Twisted Fate",Alistar,Camille,Syndra,Renekton,Ornn,Orianna,"Gnar, Galio",Gragas,Jungle,Bot,Mid,Top,Support,Bot,Jungle,Support,Mid,Top
Week 2,T1,Gen.G,1 - 2,2,11.1,Renekton,Twisted Fate,Olaf,Taliyah,Ekko,Samira,Pantheon,"Camille, Nidalee","Aphelios, Thresh",Kalista,Kennen,Gragas,Akali,Sett,Syndra,"Zoe, Jayce",Jarvan IV,Jungle,Bot,Support,Mid,Top,Top,Jungle,Bot,Mid,Support
Week 2,Gen.G,T1,1 - 1,1,11.1,Twisted Fate,Taliyah,Samira,Sett,Aphelios,Kai'Sa,Kalista,"Jhin, Pantheon","Olaf, Renekton",Azir,Ekko,Ornn,Zoe,Thresh,Gragas,"Syndra, Jarvan IV",Alistar,Bot,Jungle,Top,Mid,Support,Bot,Jungle,Mid,Top,Support
Week 2,T1,Gen.G,1 - 0,1,11.1,Renekton,Twisted Fate,Olaf,Taliyah,Ekko,Samira,Pantheon,"Camille, Kai'Sa","Aphelios, Thresh",Nidalee,Azir,Sett,Kennen,Galio,Syndra,"Zoe, Gragas",Rell,Jungle,Bot,Support,Mid,Top,Top,Bot,Jungle,Mid,Support
Week 2,DRX,Nongshim RedForce,2 - 1,1,11.1,Aphelios,Zoe,Taliyah,Graves,Renekton,Lucian,Olaf,"Kai'Sa, Orianna","Rell, Samira",Rakan,Galio,Aatrox,Gangplank,Jayce,Gnar,"Sylas, Syndra",Nidalee,Jungle,Support,Bot,Top,Mid,Bot,Mid,Support,Top,Jungle
Week 2,Nongshim RedForce,DRX,1 - 1,2,11.1,Zoe,Aphelios,Graves,Olaf,Lucian,Taliyah,Rell,"Kai'Sa, Rakan","Nidalee, Samira",Orianna,Renekton,Kindred,Aatrox,Gangplank,Udyr,"Gnar, Syndra",Irelia,Support,Jungle,Bot,Top,Mid,Bot,Support,Mid,Jungle,Top
Week 2,DRX,Nongshim RedForce,0 - 1,2,11.1,Aphelios,Zoe,Pantheon,Graves,Taliyah,Lucian,Olaf,"Rell, Samira","Kai'Sa, Rakan",Nidalee,Gragas,Renekton,Orianna,Aatrox,Syndra,"Galio, Gnar",Jayce,Jungle,Bot,Support,Mid,Top,Support,Bot,Jungle,Mid,Top
Week 2,Afreeca Freecs,Liiv SANDBOX,0 - 2,2,11.1,Alistar,Seraphine,Olaf,Taliyah,Nidalee,Pantheon,Samira,"Kai'Sa, Graves","Lillia, Rell",Orianna,Syndra,Maokai,Renekton,Jayce,Nautilus,"Gnar, Zoe",Akali,Bot,Jungle,Support,Top,Mid,Bot,Jungle,Mid,Support,Top
Week 2,Liiv SANDBOX,Afreeca Freecs,1 - 0,1,11.1,Seraphine,Alistar,Rell,Olaf,Pantheon,Renekton,Taliyah,"Nidalee, Kai'Sa","Samira, Orianna",Viktor,Galio,Gragas,Sett,Jayce,Camille,"Leona, Gnar",Shen,Jungle,Bot,Mid,Support,Top,Jungle,Bot,Mid,Top,Support
Week 1,Fredit BRION,Afreeca Freecs,0 - 2,2,11.1,Rell,Samira,Gragas,Akali,Taliyah,Nidalee,Pantheon,"Olaf, Kai'Sa","Aphelios, Thresh",Seraphine,Lillia,Camille,Zoe,Orianna,Syndra,"Gnar, Corki",Kennen,Jungle,Bot,Support,Top,Mid,Jungle,Bot,Support,Mid,Top
Week 1,Afreeca Freecs,Fredit BRION,1 - 0,1,11.1,Akali,Pantheon,Olaf,Taliyah,Renekton,Rumble,Samira,"Camille, Kai'Sa","Rell, Graves",Lillia,Gnar,Alistar,Gragas,Yone,Galio,"Mordekaiser, Orianna",Twisted Fate,Bot,Support,Jungle,Top,Mid,Top,Bot,Jungle,Support,Mid
Week 1,DWG KIA,Nongshim RedForce,2 - 0,1,11.1,Rell,Zoe,Aphelios,Taliyah,Akali,Lucian,Kai'Sa,"Samira, Nidalee","Graves, Syndra",Leona,Galio,Yone,Ornn,Jayce,Orianna,"Gnar, Maokai",Renekton,Bot,Jungle,Mid,Top,Support,Bot,Jungle,Support,Mid,Top
Week 1,Nongshim RedForce,DWG KIA,0 - 1,2,11.1,Taliyah,Aphelios,Yone,Rell,Akali,Camille,Samira,"Nidalee, Kai'Sa","Alistar, Zoe",Lucian,Olaf,Renekton,Ornn,Gangplank,Galio,"Aatrox, Lillia",Gnar,Bot,Support,Mid,Top,Jungle,Jungle,Bot,Mid,Support,Top
Week 1,Hanwha Life Esports,DRX,2 - 1,1,11.1,Lucian,Camille,Aphelios,Taliyah,Graves,Akali,Pantheon,"Kai'Sa, Nidalee","Samira, Alistar",Sett,Twisted Fate,Renekton,Kassadin,Gragas,Orianna,"Galio, Gnar",Gangplank,Jungle,Bot,Support,Mid,Top,Bot,Jungle,Support,Mid,Top
Week 1,DRX,Hanwha Life Esports,1 - 1,1,11.1,Akali,Lucian,Camille,Nidalee,Taliyah,Pantheon,Graves,"Olaf, Kai'Sa","Aphelios, Thresh",Sett,Azir,Twisted Fate,Lulu,Gnar,Aatrox,"Gragas, Zoe",Orianna,Jungle,Bot,Support,Top,Mid,Jungle,Bot,Support,Top,Mid
Week 1,Hanwha Life Esports,DRX,1 - 0,1,11.1,Lucian,Renekton,Nidalee,Pantheon,Lulu,Akali,Taliyah,"Alistar, Lee Sin","Camille, Twisted Fate",Kai'Sa,Aphelios,Orianna,Samira,Galio,Cassiopeia,"Miss Fortune, Maokai",Mordekaiser,Jungle,Top,Mid,Bot,Support,Support,Jungle,Bot,Mid,Top
Week 1,KT Rolster,Liiv SANDBOX,2 - 0,1,11.1,Zoe,Aphelios,Akali,Twisted Fate,Olaf,Pantheon,Taliyah,"Renekton, Samira","Kai'Sa, Alistar",Nidalee,Gnar,Irelia,Aatrox,Yone,Leona,"Orianna, Quinn",Galio,Jungle,Bot,Support,Mid,Top,Top,Bot,Jungle,Support,Mid
Week 1,Liiv SANDBOX,KT Rolster,0 - 1,2,11.1,Taliyah,Olaf,Aphelios,Zoe,Renekton,Pantheon,Samira,"Lillia, Kai'Sa","Graves, Alistar",Camille,Akali,Twisted Fate,Syndra,Galio,Leona,"Malphite, Azir",Viktor,Bot,Jungle,Support,Top,Mid,Jungle,Bot,Top,Support,Mid
Week 1,DWG KIA,T1,2 - 1,1,11.1,Twisted Fate,Akali,Aphelios,Taliyah,Pantheon,Syndra,Zoe,"Samira, Rell","Olaf, Kai'Sa",Azir,Alistar,Graves,Maokai,Jayce,Lillia,"Gnar, Nautilus",Camille,Mid,Jungle,Bot,Top,Support,Bot,Support,Mid,Jungle,Top
Week 1,T1,DWG KIA,1 - 1,2,11.1,Syndra,Aphelios,Pantheon,Twisted Fate,Akali,Taliyah,Olaf,"Zoe, Kai'Sa","Samira, Azir",Graves,Rell,Gragas,Camille,Ornn,Alistar,"Galio, Gnar",Gangplank,Jungle,Bot,Mid,Support,Top,Mid,Bot,Jungle,Support,Top
Week 1,DWG KIA,T1,0 - 1,2,11.1,Twisted Fate,Akali,Olaf,Taliyah,Pantheon,Syndra,Nidalee,"Aphelios, Thresh","Samira, Yone",Azir,Rell,Graves,Ornn,Jayce,Renekton,"Alistar, Volibear",Lillia,Jungle,Bot,Mid,Support,Top,Bot,Support,Mid,Top,Jungle
Week 1,Gen.G,Fredit BRION,2 - 0,1,11.1,Samira,Sett,Gragas,Renekton,Pantheon,Kai'Sa,Taliyah,"Nidalee, Aphelios","Camille, Jhin",Gnar,Galio,Thresh,Twisted Fate,Yone,Zoe,"Orianna, Nautilus",Rell,Jungle,Top,Bot,Mid,Support,Jungle,Bot,Top,Mid,Support
Week 1,Fredit BRION,Gen.G,0 - 1,2,11.1,Sett,Samira,Gragas,Taliyah,Olaf,Pantheon,Nidalee,"Renekton, Kai'Sa","Aphelios, Thresh",Lillia,Gnar,Nautilus,Volibear,Yone,Galio,"Quinn, Zoe",Syndra,Jungle,Bot,Support,Top,Mid,Top,Bot,Jungle,Support,Mid
Week 1,DRX,Afreeca Freecs,2 - 1,1,11.1,Pantheon,Aphelios,Akali,Alistar,Renekton,Samira,Kai'Sa,"Graves, Jhin","Sett, Kindred",Seraphine,Yone,Twisted Fate,Ornn,Gnar,Zoe,"Orianna, Gragas",Aatrox,Bot,Support,Jungle,Mid,Top,Jungle,Bot,Support,Mid,Top
Week 1,Afreeca Freecs,DRX,1 - 1,1,11.1,Akali,Pantheon,Alistar,Taliyah,Nidalee,Rell,Samira,"Zoe, Graves","Olaf, Orianna",Vayne,Camille,Aatrox,Maokai,Sylas,Braum,"Seraphine, Ornn",Lulu,Bot,Jungle,Mid,Support,Top,Mid,Jungle,Bot,Support,Top
Week 1,DRX,Afreeca Freecs,1 - 0,1,11.1,Akali,Samira,Pantheon,Nidalee,Taliyah,Kai'Sa,Graves,"Gragas, Jhin","Aphelios, Zoe",Olaf,Thresh,Ornn,Renekton,Kennen,Camille,"Alistar, Gnar",Twisted Fate,Jungle,Bot,Mid,Support,Top,Support,Bot,Jungle,Top,Mid
Week 1,Nongshim RedForce,Liiv SANDBOX,2 - 1,1,11.1,Lucian,Kai'Sa,Akali,Samira,Taliyah,Aphelios,Olaf,"Zoe, Jhin","Syndra, Alistar",Graves,Aatrox,Camille,Kalista,Ornn,Galio,"Ezreal, Gnar",Jayce,Jungle,Mid,Support,Bot,Top,Mid,Bot,Jungle,Support,Top
Week 1,Liiv SANDBOX,Nongshim RedForce,1 - 1,1,11.1,Aatrox,Lucian,Kai'Sa,Akali,Aphelios,Taliyah,Samira,"Rell, Olaf","Graves, Zoe",Jhin,Camille,Orianna,Jayce,Syndra,Gnar,"Alistar, Ornn",Sylas,Bot,Jungle,Mid,Support,Top,Support,Jungle,Bot,Top,Mid
Week 1,Nongshim RedForce,Liiv SANDBOX,1 - 0,1,11.1,Lucian,Aatrox,Akali,Kai'Sa,Taliyah,Samira,Nidalee,"Zoe, Olaf","Aphelios, Thresh",Miss Fortune,Twisted Fate,Camille,Orianna,Alistar,Gnar,"Jayce, Syndra",Leona,Jungle,Bot,Support,Top,Mid,Mid,Jungle,Bot,Top,Support
Week 1,T1,Hanwha Life Esports,2 - 1,1,11.1,Lucian,Pantheon,Akali,Aphelios,Olaf,Yone,Taliyah,"Graves, Kai'Sa","Renekton, Samira",Ornn,Alistar,Azir,Syndra,Orianna,Rell,"Maokai, Irelia",Viktor,Jungle,Top,Bot,Support,Mid,Jungle,Bot,Top,Support,Mid
Week 1,Hanwha Life Esports,T1,1 - 1,1,11.1,Lucian,Taliyah,Akali,Renekton,Aphelios,Pantheon,Olaf,"Graves, Zoe","Kai'Sa, Sett",Jhin,Twisted Fate,Maokai,Gragas,Gnar,Camille,"Rell, Orianna",Alistar,Jungle,Bot,Top,Support,Mid,Jungle,Mid,Bot,Top,Support
Week 1,T1,Hanwha Life Esports,1 - 0,1,11.1,Lucian,Pantheon,Azir,Taliyah,Akali,Nidalee,Olaf,"Kai'Sa, Graves","Aphelios, Thresh",Sett,Syndra,Renekton,Twisted Fate,Orianna,Zoe,"Galio, Camille",Gnar,Jungle,Bot,Support,Mid,Top,Bot,Jungle,Support,Mid,Top
Week 1,KT Rolster,Gen.G,0 - 2,2,11.1,Gragas,Samira,Nidalee,Taliyah,Lucian,Akali,Pantheon,"Kai'Sa, Olaf","Aphelios, Thresh",Sett,Twisted Fate,Zoe,Kennen,Jayce,Syndra,"Viktor, Gnar",Renekton,Jungle,Bot,Support,Mid,Top,Bot,Jungle,Support,Mid,Top
Week 1,Gen.G,KT Rolster,1 - 0,1,11.1,Samira,Gragas,Akali,Pantheon,Olaf,Renekton,Taliyah,"Alistar, Nidalee","Camille, Jhin",Kai'Sa,Galio,Lucian,Twisted Fate,Kennen,Gnar,"Sett, Yone",Orianna,Jungle,Top,Bot,Support,Mid,Support,Jungle,Bot,Top,Mid
