leagueId,queueType,tier,rank,summonerId,summonerName,leaguePoints,wins,losses,veteran,inactive,freshBlood,hotStreak
d1ff3466-6c02-33b0-8085-9fa6a8b82dd5,RANKED_SOLO_5x5,CHALLENGER,I,9c4m-A9pR8OcDZObVPWER3bPxfT-nZNUIDTpSzBGeiQ6OQ,쪼렙이다말로하자,1681,891,790,True,False,False,False
d1ff3466-6c02-33b0-8085-9fa6a8b82dd5,RANKED_SOLO_5x5,CHALLENGER,I,bt7b42IEv3eYX9C-mRfyaHsyA7l6h7CoVpe6Isz6xWyRoLqWBgNUL-x60w,nodfan,1567,156,72,True,False,False,True
d1ff3466-6c02-33b0-8085-9fa6a8b82dd5,RANKED_SOLO_5x5,CHALLENGER,I,Q4nCFA1p8w1_i8yuOGUSRh2AkYoeobzKfRMMjoUQ9ebuFgM,GGGori,1440,424,334,True,False,False,True
d1ff3466-6c02-33b0-8085-9fa6a8b82dd5,RANKED_SOLO_5x5,CHALLENGER,I,xEpbN46eXMHxsMUP0ltmtLKUIxmyZyOWIKHhpBYXFltNark,DK ShowMaker,1418,344,264,True,False,False,True
d1ff3466-6c02-33b0-8085-9fa6a8b82dd5,RANKED_SOLO_5x5,CHALLENGER,I,l3rb1MFE1niulYiKv3_iVRs-DLtWxYx78AL3kPQUH5In1ME,BRO Hoya,1412,400,322,True,False,False,False
d1ff3466-6c02-33b0-8085-9fa6a8b82dd5,RANKED_SOLO_5x5,CHALLENGER,I,fgUaZbB2chhPaoHBlrdQssfnj_SR6_IhqHBO85NxUoa2B6k,xkamsdjzx,1383,527,453,True,False,False,False
d1ff3466-6c02-33b0-8085-9fa6a8b82dd5,RANKED_SOLO_5x5,CHALLENGER,I,mqPJYwVKdF3GL717i2RHiUumpwD0iikFlLtZQeFaIlZKtaI,AF Keine,1367,802,731,True,False,False,True
d1ff3466-6c02-33b0-8085-9fa6a8b82dd5,RANKED_SOLO_5x5,CHALLENGER,I,ITlvXfU_4Ibm0sp0eN1B5nGXh10ZS6kKGi3yz07NYe-kLhc,해오름달 사흘,1351,794,715,True,False,False,False
d1ff3466-6c02-33b0-8085-9fa6a8b82dd5,RANKED_SOLO_5x5,CHALLENGER,I,aebRGaFVPPe6_zFvGPlAMQBS9y3f5jUXbRSO0YGkPeL7uMg,참새크면비둘기,1345,331,263,True,False,False,False
d1ff3466-6c02-33b0-8085-9fa6a8b82dd5,RANKED_SOLO_5x5,CHALLENGER,I,o5TzCDpj1bP09NabPPMbVFXvv4TR3xErRMrEaHueC-KeJD8c2nxOhmgxGA,우제우스,1338,615,528,True,False,False,False
d1ff3466-6c02-33b0-8085-9fa6a8b82dd5,RANKED_SOLO_5x5,CHALLENGER,I,0l2MhoDXO4cXrN1Ae3uAM7QaOaqVvQMGUiJCO_eHDhH6xhnU,세상이무섭단말야,1315,396,321,True,False,False,False
d1ff3466-6c02-33b0-8085-9fa6a8b82dd5,RANKED_SOLO_5x5,CHALLENGER,I,ePhrav2ifVlnJbMC-aVCNjWXrFgqPpQkJE2LnRyyvpQTqrA,나는 준일하다,1315,327,256,True,False,False,False
d1ff3466-6c02-33b0-8085-9fa6a8b82dd5,RANKED_SOLO_5x5,CHALLENGER,I,VVQdAYQjTRCskI3FcjYw6Glwdyy-xfp3p7D5yS6oNv1zEyA,곽곽보성,1312,616,533,True,False,False,False
d1ff3466-6c02-33b0-8085-9fa6a8b82dd5,RANKED_SOLO_5x5,CHALLENGER,I,7OQywIklQvPKs6ACoLkT0gjyXkqsKFU1lVcFwBLfg1T1iII,자장면잠봉당수육,1303,265,186,True,False,False,False
d1ff3466-6c02-33b0-8085-9fa6a8b82dd5,RANKED_SOLO_5x5,CHALLENGER,I,2PD328Uko8wIhNKQPoUgRLaIgPI8z7QpjxZUSXO58GSCZ_JB1yt_PHNvlQ,shenzhenshaoye,1271,493,402,True,False,False,False
d1ff3466-6c02-33b0-8085-9fa6a8b82dd5,RANKED_SOLO_5x5,CHALLENGER,I,QhJtAqSjCmteQKtbxl0Nf8DaZNWx7zu4G9_PhuqC7m5Xb8Q,T1 Zeus,1264,500,428,True,False,False,True
d1ff3466-6c02-33b0-8085-9fa6a8b82dd5,RANKED_SOLO_5x5,CHALLENGER,I,APY4jcjbzJDEKXSXpTdzijO8PB1iM9IKifid_GCmsXS49z4jsjgqKDG_6g,난 무조건 잘 돼,1263,682,599,True,False,False,False
d1ff3466-6c02-33b0-8085-9fa6a8b82dd5,RANKED_SOLO_5x5,CHALLENGER,I,yWWuDX7qbU9LObbAGBcT54ro-rVzjJv6H7j3n7zp5KZmcFk,난 워낙 노빠꾸라,1259,478,397,True,False,False,False
d1ff3466-6c02-33b0-8085-9fa6a8b82dd5,RANKED_SOLO_5x5,CHALLENGER,I,7JIQgDKkjW4DHP2C-l0rV_Mp8XcuKVnV7U786wSy2Ex9Fbw,짐승 잡종 인간,1241,765,698,True,False,False,False
d1ff3466-6c02-33b0-8085-9fa6a8b82dd5,RANKED_SOLO_5x5,CHALLENGER,I,wyXvBqiPVEm4DxnrvqqZwLdOBBDX-owOQ-lJwK1P7pp6Qk4,zzzusss,1226,390,315,True,False,False,False
d1ff3466-6c02-33b0-8085-9fa6a8b82dd5,RANKED_SOLO_5x5,CHALLENGER,I,ISXjSGqnZ-XBOa1YPXvQiS3RPcuAcInpWpDpzQ5_xB4e1jM,둠심 YouTube,1223,388,297,True,False,False,False
d1ff3466-6c02-33b0-8085-9fa6a8b82dd5,RANKED_SOLO_5x5,CHALLENGER,I,HM5qEg5Uhn66llML4Cr90xcK3M6Tqs-zhKHcQQ-SM8rNxJU,K T,1215,379,300,False,False,False,True
d1ff3466-6c02-33b0-8085-9fa6a8b82dd5,RANKED_SOLO_5x5,CHALLENGER,I,J0Mek4Udi6H62p8B9mEXN15aIH-E-jNryL605skW1Lugg9VplUnrO03lTA,zzzzussss,1208,212,156,True,False,False,False
d1ff3466-6c02-33b0-8085-9fa6a8b82dd5,RANKED_SOLO_5x5,CHALLENGER,I,9dFK203rOPO_3MICGTRjXZ9xu28LjiI-2KKCTGDQLpR81I4,아이린,1202,423,353,True,False,False,False
d1ff3466-6c02-33b0-8085-9fa6a8b82dd5,RANKED_SOLO_5x5,CHALLENGER,I,_0BVroGMd-tcgraPEWlWh_B9f-Ba6jaqaSdgfLjPQfOcmvU,한영원,1202,320,239,True,False,False,False
d1ff3466-6c02-33b0-8085-9fa6a8b82dd5,RANKED_SOLO_5x5,CHALLENGER,I,aXVIA2UHiv-X82SwleOJsnar-2tw91odKQLD5pggs9t6S7E,윤용호,1200,473,408,True,False,False,False
d1ff3466-6c02-33b0-8085-9fa6a8b82dd5,RANKED_SOLO_5x5,CHALLENGER,I,SOithoZ7CbdYKZvtN6NBiojdbMFE4MGUO0-UrcPkrmMOFto,BMX Decky,1175,843,760,True,False,False,False
d1ff3466-6c02-33b0-8085-9fa6a8b82dd5,RANKED_SOLO_5x5,CHALLENGER,I,JMQwUXyz0Tlsx-dwa4oIrJKGgNVcJFrnYXDBeC4azs8rSCg,deokdam,1170,588,516,True,False,False,True
d1ff3466-6c02-33b0-8085-9fa6a8b82dd5,RANKED_SOLO_5x5,CHALLENGER,I,13z5P0bBrJTpPooDDb_bRG4zeOREHcyohhWSbkAsHz6uUqg,항상배고픈코그모,1166,791,716,True,False,False,False
d1ff3466-6c02-33b0-8085-9fa6a8b82dd5,RANKED_SOLO_5x5,CHALLENGER,I,hFn4YWtw0zIxuxGTgLIftxtPjedSK3anjcApdhxMcHszkPQ,jkjkjkjkk,1165,1265,1203,True,False,False,False
d1ff3466-6c02-33b0-8085-9fa6a8b82dd5,RANKED_SOLO_5x5,CHALLENGER,I,R3b889ChW99pwMzqIxMWJJ53QqO0yxLfSHNSsOohY0ArDj0,Kimwinter,1161,562,498,True,False,False,False
d1ff3466-6c02-33b0-8085-9fa6a8b82dd5,RANKED_SOLO_5x5,CHALLENGER,I,bhpDgf0Lo7Nio50bNKJcEuQvX_V5z2UhYSaEY17cRAYKN3dHSweDN7cF1A,Jh2nhj2rjoh,1157,684,597,True,False,False,True
d1ff3466-6c02-33b0-8085-9fa6a8b82dd5,RANKED_SOLO_5x5,CHALLENGER,I,lgywzY3QbLlUyjguGLNOj8ixjmEFfAL2Z_lZmEz9l-3MZnE,DRX1234,1152,597,521,True,False,False,False
d1ff3466-6c02-33b0-8085-9fa6a8b82dd5,RANKED_SOLO_5x5,CHALLENGER,I,3blso8IMnHYZr40bZwmgWOc2KlY9n_ooAcBXksCZqRUkxKg,우주방패,1146,521,454,True,False,False,False
d1ff3466-6c02-33b0-8085-9fa6a8b82dd5,RANKED_SOLO_5x5,CHALLENGER,I,MuW9RVDkIvDZR4NMounUw9MetMW6YM0VvBp1SL0EszfSxbM,권 지 인,1146,367,290,True,False,False,True
d1ff3466-6c02-33b0-8085-9fa6a8b82dd5,RANKED_SOLO_5x5,CHALLENGER,I,ZaPQUiJ0m03eKk2LDGSPC1dyYgEly9Nkk06LNC_znfBXoJI,ruanruantuan,1144,497,410,True,False,False,False
d1ff3466-6c02-33b0-8085-9fa6a8b82dd5,RANKED_SOLO_5x5,CHALLENGER,I,lG1AjOi7V3vqbse6JaSum8nv0ZhXyYm8r0cByHz-SGqVcDyELTFGlFYWxA,q7mm,1143,507,443,True,False,False,False
d1ff3466-6c02-33b0-8085-9fa6a8b82dd5,RANKED_SOLO_5x5,CHALLENGER,I,oqhr86991R0pfs4v91E-QpeH1zIe_g_MvC_S1C1lw7QUAug,JUGKlNG,1142,270,192,True,False,False,False
d1ff3466-6c02-33b0-8085-9fa6a8b82dd5,RANKED_SOLO_5x5,CHALLENGER,I,NKZBscA4KynNnGAXUjWWeuhs_5A_4WB32ELO0YTUV9_UY7c,Lehends,1133,645,575,True,False,False,False
d1ff3466-6c02-33b0-8085-9fa6a8b82dd5,RANKED_SOLO_5x5,CHALLENGER,I,Ryfo0wvMn54IywXKjz1M3Ds5xgp0LfYyUgabQDau3689_Ow,Gen G Khael,1129,452,394,True,False,False,False
d1ff3466-6c02-33b0-8085-9fa6a8b82dd5,RANKED_SOLO_5x5,CHALLENGER,I,N7R7Lk18JlIbrHKD1C6kMh4iC58kkO51XXZqOvfXqAbeMM-cwcNF0S75-Q,Hengzzz,1128,247,167,True,False,False,False
d1ff3466-6c02-33b0-8085-9fa6a8b82dd5,RANKED_SOLO_5x5,CHALLENGER,I,NG91nSMSR3igj54IunIGCkvXKczYZtwBSI_tq1LCOa5COCY,Pnpm,1127,236,172,True,False,False,False
d1ff3466-6c02-33b0-8085-9fa6a8b82dd5,RANKED_SOLO_5x5,CHALLENGER,I,Rk4yDji97RLm3riNJ3G62RBn7ikTt_ECNNHcU2OzCV_Lxhs,칼과 창 방패,1123,306,237,True,False,False,False
d1ff3466-6c02-33b0-8085-9fa6a8b82dd5,RANKED_SOLO_5x5,CHALLENGER,I,MB2RpKXK5gZptzP_3JPU-pPaQOnMpwwrO7XsIPWctErKq3U,KT Way,1122,520,449,True,False,False,True
d1ff3466-6c02-33b0-8085-9fa6a8b82dd5,RANKED_SOLO_5x5,CHALLENGER,I,Q96lWR9KrAzwGywExv9tOjr-_UKX0QxEwl8K4aYXHgVi1kpz_iN2PmSIXw,xhr,1112,166,100,True,False,False,False
d1ff3466-6c02-33b0-8085-9fa6a8b82dd5,RANKED_SOLO_5x5,CHALLENGER,I,5bKa8HsEURj3Mu2C9rE_HrjfY9o_RRjhDvLRDv4shgQMGgQ,BRO TaNa,1110,876,798,True,False,False,False
d1ff3466-6c02-33b0-8085-9fa6a8b82dd5,RANKED_SOLO_5x5,CHALLENGER,I,wyMAzHA32ek8L1boecUjF2ghxcf8Iis6ajxAzUsfau34b0o,KT Ucal,1106,502,431,True,False,False,False
d1ff3466-6c02-33b0-8085-9fa6a8b82dd5,RANKED_SOLO_5x5,CHALLENGER,I,ks5bE-Ujg6UpQgKUYB56MNHww0k1o3POcCREKW8OqGqhqhg,ZED99,1105,336,272,True,False,False,False
d1ff3466-6c02-33b0-8085-9fa6a8b82dd5,RANKED_SOLO_5x5,CHALLENGER,I,CYVYOMLm1tJebQzYs31vB99dSB11zzsPDuB4BmkMVVpLhws,DWG Muru,1104,746,683,True,False,False,True
d1ff3466-6c02-33b0-8085-9fa6a8b82dd5,RANKED_SOLO_5x5,CHALLENGER,I,SNYNBaqBRsgBITp21To0msqEqfnuEUdzfXPMyr1CUabz86Wjh6J2z2Fz4A,New ADC,1104,235,173,True,False,False,False
d1ff3466-6c02-33b0-8085-9fa6a8b82dd5,RANKED_SOLO_5x5,CHALLENGER,I,UeZMusdYlaZarOBH84Obv692WA-AG4fml387qXdN26JNrmI,BRO Delight,1103,735,668,True,False,False,False
d1ff3466-6c02-33b0-8085-9fa6a8b82dd5,RANKED_SOLO_5x5,CHALLENGER,I,BdfVUn1Bzev6dIxH_6Xu7bCvAT95iIHIsiKeq-fPvXNAjo8,Gen G Dice,1100,539,472,False,False,False,False
d1ff3466-6c02-33b0-8085-9fa6a8b82dd5,RANKED_SOLO_5x5,CHALLENGER,I,crc2uUNJlK_iWUMZ6FnHug8j36xW_3AACaZ7ah-RqIx31Kk,Gen G Clid,1096,900,831,True,False,False,False
d1ff3466-6c02-33b0-8085-9fa6a8b82dd5,RANKED_SOLO_5x5,CHALLENGER,I,7KcnRRu18DOieUmgSbiTmNzWHWAwbif_eHLVSjsy2WjSxg0,BRO Yaharong,1093,1509,1435,True,False,False,False
d1ff3466-6c02-33b0-8085-9fa6a8b82dd5,RANKED_SOLO_5x5,CHALLENGER,I,qTIJH9BLox_YiTWS5OTdk-mMZ2CWBCs99KVNFUROpKzBxzc,N0T Angry,1092,513,458,True,False,False,False
d1ff3466-6c02-33b0-8085-9fa6a8b82dd5,RANKED_SOLO_5x5,CHALLENGER,I,k4423vK0yj-yVmg0BVkuN9ExOIvVaU20o8xk_Ha4EYAThrFwTbd-cbfREA,팀팀 따라하기,1085,678,600,True,False,False,False
d1ff3466-6c02-33b0-8085-9fa6a8b82dd5,RANKED_SOLO_5x5,CHALLENGER,I,M1XBkP9dF1DwvSIWbN0MWyvw4pXgacwJqZ3C0WboNoWahlA,Gen G Burdol,1084,284,210,True,False,False,False
d1ff3466-6c02-33b0-8085-9fa6a8b82dd5,RANKED_SOLO_5x5,CHALLENGER,I,lUvc4CdgLadTHzqabdEQE4_Dh5n_t7CF-cCrsrPQfrSrDa0,스물다섯번째밤,1078,525,463,False,False,False,False
d1ff3466-6c02-33b0-8085-9fa6a8b82dd5,RANKED_SOLO_5x5,CHALLENGER,I,7_jt-AIyS7V_6PqG3CPOtP1yLIIuRlnYEHhWH-cefbGTX4s,Burdoll,1075,638,572,True,False,False,True
d1ff3466-6c02-33b0-8085-9fa6a8b82dd5,RANKED_SOLO_5x5,CHALLENGER,I,gxEV5XaAsp9f3RWyq0MXfEj5YKQOWUNoZ8LP_XZ77PHfkg,JustLikeThatKR,1071,730,672,True,False,False,False
d1ff3466-6c02-33b0-8085-9fa6a8b82dd5,RANKED_SOLO_5x5,CHALLENGER,I,mkX974867y-vMSvi8o4ptG-45Kms-4ILp9D9KdBZMby-TFaf,KT Harp,1068,541,462,True,False,False,False
d1ff3466-6c02-33b0-8085-9fa6a8b82dd5,RANKED_SOLO_5x5,CHALLENGER,I,vicFsyTTMqtirI1WzJrm-hok8ALlDbVN1_YqW0LH-AFtQjE,DFM GAENG,1066,508,443,False,False,False,False
d1ff3466-6c02-33b0-8085-9fa6a8b82dd5,RANKED_SOLO_5x5,CHALLENGER,I,EkVCY6i2FJR3mZJRqKgI25P9gYFiDe9F3lyJH7ucrkMrI-ze7gfeKWAidQ,구글 검색 제드팀,1060,247,180,False,False,False,False
d1ff3466-6c02-33b0-8085-9fa6a8b82dd5,RANKED_SOLO_5x5,CHALLENGER,I,zbGaqw5maBX0BroNviKe2mhFtfCHVRmKmMelYkBdsgJSTNw,디알엑스 제트,1059,1073,1006,True,False,False,True
d1ff3466-6c02-33b0-8085-9fa6a8b82dd5,RANKED_SOLO_5x5,CHALLENGER,I,uwIQj5x-ZAlwxRAWUqhvVoMCmDSkhwyvggkazpfjAy-l9-Q,푹 쉬면서 해요 ,1058,970,867,True,False,False,False
d1ff3466-6c02-33b0-8085-9fa6a8b82dd5,RANKED_SOLO_5x5,CHALLENGER,I,thoH2siEECnjlfdEeSw2Ng2hxthdECpK7Co9hpF8HlMiDUQ,Yorick,1051,614,545,True,False,False,False
d1ff3466-6c02-33b0-8085-9fa6a8b82dd5,RANKED_SOLO_5x5,CHALLENGER,I,iuGLBqtQ-laZhQIDM6L_BOTmSs2s98uWCtUzcsGl1VmlxLo,     la ji game,1048,277,214,False,False,True,False
d1ff3466-6c02-33b0-8085-9fa6a8b82dd5,RANKED_SOLO_5x5,CHALLENGER,I,loHpf06OVeXYs9jrejY_Nk4pA0oFE6SkkkbWh69vz67VOd8G,Fox B Mg,1044,1126,1045,True,False,False,False
d1ff3466-6c02-33b0-8085-9fa6a8b82dd5,RANKED_SOLO_5x5,CHALLENGER,I,lbqPn5zmZs9n8P1rKjcFVES_fL5yGruHlw_l994UvfGkoZ0,함박이지롱,1043,285,220,False,False,False,True
d1ff3466-6c02-33b0-8085-9fa6a8b82dd5,RANKED_SOLO_5x5,CHALLENGER,I,I7f5Fq5eaMR7dMiuhiVsbtapMsMB79n9hdFn-C79_voUS7Yilb88crQZEQ,Yi bing chao,1042,349,272,True,False,False,False
d1ff3466-6c02-33b0-8085-9fa6a8b82dd5,RANKED_SOLO_5x5,CHALLENGER,I,PMZqcPRwbAeAGRG469hyk-O84KaLkMhlDr1CVRoYXBvT_Zc,T1 Ellim,1042,337,265,True,False,False,True
d1ff3466-6c02-33b0-8085-9fa6a8b82dd5,RANKED_SOLO_5x5,CHALLENGER,I,AH1iZczBDLDrqcBhmz3x78iQR7--gL3AGIg9HCenTOwjQ3Y,쭌 베,1035,927,864,True,False,False,False
d1ff3466-6c02-33b0-8085-9fa6a8b82dd5,RANKED_SOLO_5x5,CHALLENGER,I,KZ2f2dsEqIP2oJf7je53NG5667S9_VAMUWV-JivMdSiWzyo,kxlszxzz,1033,415,348,True,False,False,True
d1ff3466-6c02-33b0-8085-9fa6a8b82dd5,RANKED_SOLO_5x5,CHALLENGER,I,-3hCcfw49-1ykgmxN8zYsTiFN1oaw-HOiNe_BTEMQ3ECX1w,은가뉴,1033,375,312,True,False,False,False
d1ff3466-6c02-33b0-8085-9fa6a8b82dd5,RANKED_SOLO_5x5,CHALLENGER,I,wChgANpl3f4h373nqZyZ_KTBH9MRqjfI-JOvgbzn-_7GWw,사막낙타,1031,358,304,True,False,False,True
d1ff3466-6c02-33b0-8085-9fa6a8b82dd5,RANKED_SOLO_5x5,CHALLENGER,I,q9cxa8CedwzKLiujDqvLG9QH3yo0li1IptfKR4PKfjWFvkA,Liiv Croco,1029,320,263,False,False,False,False
d1ff3466-6c02-33b0-8085-9fa6a8b82dd5,RANKED_SOLO_5x5,CHALLENGER,I,69NRfroEW_j7nD57w0FdX8YNIWS4yl5UWzvhHL9LjX2dZ8k,Honpi,1025,1054,992,True,False,False,False
d1ff3466-6c02-33b0-8085-9fa6a8b82dd5,RANKED_SOLO_5x5,CHALLENGER,I,PLp76uEuFWQPjwQMGrKmNHBIMF8wIpbfHLHTcwScceQv3gQ,T1 Gumayusi,1022,951,892,True,False,False,False
d1ff3466-6c02-33b0-8085-9fa6a8b82dd5,RANKED_SOLO_5x5,CHALLENGER,I,7zSlIV39Dm-H_kTo3ooFe6QsozuwSOF97CV1I5N2R61K1bE,Liiv gyuvee,1020,385,324,True,False,False,False
d1ff3466-6c02-33b0-8085-9fa6a8b82dd5,RANKED_SOLO_5x5,CHALLENGER,I,4jddoKLB8ujq1snGgtw7iH0LN32nIY-uTHjziecY41zCoJ0,으라차차으라차차,1020,163,96,False,False,False,False
d1ff3466-6c02-33b0-8085-9fa6a8b82dd5,RANKED_SOLO_5x5,CHALLENGER,I,OEDCPJoovivzyAe9bYtJQhXFJFuc-_KYdmdVC-eanb-_yKk,오현택,1016,648,581,True,False,False,False
d1ff3466-6c02-33b0-8085-9fa6a8b82dd5,RANKED_SOLO_5x5,CHALLENGER,I,8ug99ER64oypO5iiB9xBZqcsaE74xPOi3AoO8b5Q2WG5ohqpCkVk9bALag,순뀨박,1014,195,136,False,False,False,False
d1ff3466-6c02-33b0-8085-9fa6a8b82dd5,RANKED_SOLO_5x5,CHALLENGER,I,sIhk0B-x8VDHdS7EyHf031QcqJPSSUZp7y7NG_86f9ufDno,Empty tan,1012,735,668,True,False,False,True
d1ff3466-6c02-33b0-8085-9fa6a8b82dd5,RANKED_SOLO_5x5,CHALLENGER,I,_UzdeZ1--IbDa0JAbS7VMZsfZGnJNKUdV1AhZ8CWEUqtXQMQ,카사돌,1010,893,829,False,False,False,False
d1ff3466-6c02-33b0-8085-9fa6a8b82dd5,RANKED_SOLO_5x5,CHALLENGER,I,CkpEo8ePIgATi9VleO-Ip8P4z_KtPMrVhk0NnxknmyXejMY9Se3gPK2F_A,naiyoubaby,1010,847,783,True,False,False,False
d1ff3466-6c02-33b0-8085-9fa6a8b82dd5,RANKED_SOLO_5x5,CHALLENGER,I,ziq__N983SBzNxwxhNoknFqbw8Z6ikyBmE6e2x5iBIRe6_Zi,뚜뚜린,1010,196,127,False,False,False,True
d1ff3466-6c02-33b0-8085-9fa6a8b82dd5,RANKED_SOLO_5x5,CHALLENGER,I,RTWlCbJltfuRIF5-E8o_5e8_mfDaCQfXhMkP49oICXB9qqZpuUL2cdiZ5A,살퀸레,1009,572,509,False,False,False,False
d1ff3466-6c02-33b0-8085-9fa6a8b82dd5,RANKED_SOLO_5x5,CHALLENGER,I,V_x5gGYGnCOu2Y_SNzC7-WBrSfPey_xH2bkFaWHfqeqpU4Uj4YIUh0fyLA,502 Error,1009,116,67,False,False,False,False
d1ff3466-6c02-33b0-8085-9fa6a8b82dd5,RANKED_SOLO_5x5,CHALLENGER,I,79S7sa_2-O0hNGr7T2AJ4LYr-W2TxYK5Fintdsh0UjYJGQo,어제보단잘하자,1005,356,291,True,False,False,True
d1ff3466-6c02-33b0-8085-9fa6a8b82dd5,RANKED_SOLO_5x5,CHALLENGER,I,O3VpvEWwbZ9DL1MJxUR4U8YOG8ZmPKIv_7tNXZAkEudOBC81,BMX Piero,1002,891,823,True,False,False,False
d1ff3466-6c02-33b0-8085-9fa6a8b82dd5,RANKED_SOLO_5x5,CHALLENGER,I,rEQu8lVPwXY488W6t3zSVupNHIxv4_qE-rOKyUhC4teXyz-Xaek0QX_0mQ,wqthgfdhfd,1000,758,698,True,False,False,False
d1ff3466-6c02-33b0-8085-9fa6a8b82dd5,RANKED_SOLO_5x5,CHALLENGER,I,v1Z-4WtCUaGVa2fi3ykElBzOnnrPxm_JgPDYAxQcluuXLZYFPJ1e2vjMqg,irasu1,1000,422,352,True,False,False,False
d1ff3466-6c02-33b0-8085-9fa6a8b82dd5,RANKED_SOLO_5x5,CHALLENGER,I,iSh_obPp9MNFhsYFPzXBxSFbXjfXs8eHLoMZcVlLUbzE6Sa7,놀이터여행자,998,1142,1071,True,False,False,False
d1ff3466-6c02-33b0-8085-9fa6a8b82dd5,RANKED_SOLO_5x5,CHALLENGER,I,SYOSvJasEmzCz3oh5DMBWQOlus5Gmik2m3j0zC23dnNeRXc,갱붕이,998,1074,1012,True,False,False,True
d1ff3466-6c02-33b0-8085-9fa6a8b82dd5,RANKED_SOLO_5x5,CHALLENGER,I,HvoX2ZAJZXog518GGEScAHRLPSyEPuamB1XAjaWfs8vIxGFz8VxOPJXmZw,kcvawsreiuyopdgz,997,414,342,True,False,False,False
d1ff3466-6c02-33b0-8085-9fa6a8b82dd5,RANKED_SOLO_5x5,CHALLENGER,I,4XmQcGQ8B-gJCuYY7RkcpMQu6B9R5spT__eChVHoylnknds,Pz ZZang,996,251,197,False,False,False,False
d1ff3466-6c02-33b0-8085-9fa6a8b82dd5,RANKED_SOLO_5x5,CHALLENGER,I,o0yWVpfXSaH5M5WZYvFau0-Uze54R-QbpUduEKMu2OQ--Fg,Gen G Peyz,987,1036,976,True,False,False,False
d1ff3466-6c02-33b0-8085-9fa6a8b82dd5,RANKED_SOLO_5x5,CHALLENGER,I,_Y4d1d5D-oqO5ULDdDauYuVOhtYn_O9d1Ix1OKcKhhksjjg,concesslon,987,401,331,True,False,False,False
d1ff3466-6c02-33b0-8085-9fa6a8b82dd5,RANKED_SOLO_5x5,CHALLENGER,I,TWgSfB0OUmPSFMSOAAk_faa_jlojXTdTWcAtypenmFhOaP92LJQ-TYURUw,대화안함말걸지마,974,788,718,False,False,False,True
d1ff3466-6c02-33b0-8085-9fa6a8b82dd5,RANKED_SOLO_5x5,CHALLENGER,I,crqk8bHbSmTrrrpIn_1xxYfBMi9DzSfBVvCwuqfgE8l9JvXuYgGENuClCQ,사랑이 하고싶어,970,263,206,True,False,False,True
d1ff3466-6c02-33b0-8085-9fa6a8b82dd5,RANKED_SOLO_5x5,CHALLENGER,I,zKLqvRxZlEoHwv8DaVa7dghO8FzDpqlgEXE-9DmZDU5i_zIUIo_NGzvRGw,잠은허송세월,970,142,93,False,False,False,True
d1ff3466-6c02-33b0-8085-9fa6a8b82dd5,RANKED_SOLO_5x5,CHALLENGER,I,9VULd_IQok4QBOgiMMsTwug-hGBXjyhAbsgTp8brZ7AHFCA,BRO Hena,969,1061,1008,True,False,False,False
d1ff3466-6c02-33b0-8085-9fa6a8b82dd5,RANKED_SOLO_5x5,CHALLENGER,I,Nfl9LN5YvzRqK5uU-XquGmbxy7VIvz2um2YE572lgMHnUgzCnYzrJl_j_A,역시폭군,964,229,166,True,False,False,False
d1ff3466-6c02-33b0-8085-9fa6a8b82dd5,RANKED_SOLO_5x5,CHALLENGER,I,OIeM9mgjuvDxSClnYMAegjVRDh8x5j3uETIUhMqdVS2ENvo,GOODBOYBD,963,344,287,False,False,False,False
d1ff3466-6c02-33b0-8085-9fa6a8b82dd5,RANKED_SOLO_5x5,CHALLENGER,I,nqY9EgqVvsBNUbSVy30SjEvk3rznTY6juVNzBYWH6rI9ckM,아이러니zz,962,552,478,True,False,False,False
d1ff3466-6c02-33b0-8085-9fa6a8b82dd5,RANKED_SOLO_5x5,CHALLENGER,I,dsD8x-Sh9Lek5amTidnGgVuOe0aKueU_XqhsVw1Ji15GnFY,Gen G Ruler,961,672,608,True,False,False,False
d1ff3466-6c02-33b0-8085-9fa6a8b82dd5,RANKED_SOLO_5x5,CHALLENGER,I,0HXFDPjZ4aQoAFersEQNpXgnOCCMFKo6BitI1UQ-r4hGsIA,용호야,959,196,151,True,False,False,False
d1ff3466-6c02-33b0-8085-9fa6a8b82dd5,RANKED_SOLO_5x5,CHALLENGER,I,kkvQN1ooQO4-kXWgfSHL780cPjglzbBo7-N2y7mqrmSUsaQ,MWMWMWMWMWM,958,383,324,True,False,False,False
d1ff3466-6c02-33b0-8085-9fa6a8b82dd5,RANKED_SOLO_5x5,CHALLENGER,I,yrUPSsQgyNrYxuugf-BsWN2FMECYXJgmqAcF10oq91mZIjYxoxmXyXy32g,krole,956,695,590,True,False,False,True
d1ff3466-6c02-33b0-8085-9fa6a8b82dd5,RANKED_SOLO_5x5,CHALLENGER,I,CnIBWoWA8yC7yEdOo_gbpH9UNH-zMoN9KMP7CdFolfHwFWVuEfaWXblcPg,Aeeeeeeeee,955,248,171,False,False,False,False
d1ff3466-6c02-33b0-8085-9fa6a8b82dd5,RANKED_SOLO_5x5,CHALLENGER,I,UayxkWozaDnfnAHdl_ilGy12y8cosCe5MAI_DVO0OA5RUtg,데아시두스이어링,953,508,454,False,False,False,False
d1ff3466-6c02-33b0-8085-9fa6a8b82dd5,RANKED_SOLO_5x5,CHALLENGER,I,okLETnwPi-ZS4N04jsImC6OELNgmrFUk_Ql6dq9AqppQVw0,오동1,949,1120,1039,True,False,False,False
d1ff3466-6c02-33b0-8085-9fa6a8b82dd5,RANKED_SOLO_5x5,CHALLENGER,I,_Qk2smEiifMI8hIKwVqGlHUEBSyx1wsPxMUVo6LWIq7m_g,FIORAKlNG,945,299,242,False,False,False,False
d1ff3466-6c02-33b0-8085-9fa6a8b82dd5,RANKED_SOLO_5x5,CHALLENGER,I,aUXo0Ji5GLb4tTTL93PgmsbuffTWaMnMFYvbcwHfi10NVA,Azhy,941,531,464,False,False,False,False
d1ff3466-6c02-33b0-8085-9fa6a8b82dd5,RANKED_SOLO_5x5,CHALLENGER,I,gfImEthWkGkxhVnOO60uO-IaEJlptVdMZD5GVSFSzo4unV0,교육잘받은도구,941,312,261,False,False,False,False
d1ff3466-6c02-33b0-8085-9fa6a8b82dd5,RANKED_SOLO_5x5,CHALLENGER,I,CE15OLo5e2QveGlS2VurmtNxENtIqF_LuAzDhZyZCJix0aI,튀자튀자아,940,269,214,False,False,False,False
d1ff3466-6c02-33b0-8085-9fa6a8b82dd5,RANKED_SOLO_5x5,CHALLENGER,I,hMy_Pcp7wmN378ZEz4byVmHHR792nfd4esTHpEtmGQT2vSA,Liiv OnFleek,939,1221,1158,True,False,False,False
d1ff3466-6c02-33b0-8085-9fa6a8b82dd5,RANKED_SOLO_5x5,CHALLENGER,I,zhfq8YwEYJf3Fi72jWWnvf3T--RQVIa3VHYHw6dcMl1yXLI,분신컨트롤,935,258,200,False,False,False,False
d1ff3466-6c02-33b0-8085-9fa6a8b82dd5,RANKED_SOLO_5x5,CHALLENGER,I,oJI_N6kzbT1R854mJz3wPkXbbY2aHUXt6fKmvHpj9RBcouXpvK8vMAKTrQ,Tangyuando,934,258,187,False,False,True,False
d1ff3466-6c02-33b0-8085-9fa6a8b82dd5,RANKED_SOLO_5x5,CHALLENGER,I,bgS0CyMoqMdV9cz4pCYMVF9HnF8sOZ37sP4keYP0sqFJP5E,Seize the day11,933,347,296,False,False,False,False
d1ff3466-6c02-33b0-8085-9fa6a8b82dd5,RANKED_SOLO_5x5,CHALLENGER,I,svwV8mgigWyFke_8oIMqMCX4VZCZ3rbA0GQZuKLdqXZL_Kg,Youtube heeseong,933,343,278,False,False,False,False
d1ff3466-6c02-33b0-8085-9fa6a8b82dd5,RANKED_SOLO_5x5,CHALLENGER,I,Ajaf1xw01QKbdBcz1oJpKsk1oBlso5WIXhqlSb0IEqmg0Bc,Liiv Winter,931,966,906,False,False,False,False
d1ff3466-6c02-33b0-8085-9fa6a8b82dd5,RANKED_SOLO_5x5,CHALLENGER,I,7MiK0-xfprUNLPhRd3QDbaebKdohA0HKsk1OwwbW54GKRfs,사 용 수,929,881,826,False,False,False,False
d1ff3466-6c02-33b0-8085-9fa6a8b82dd5,RANKED_SOLO_5x5,CHALLENGER,I,bZX-HHZz4CcG_AP3h6FdH0yrVZTbCX5hSMVQh_L8S1ZGqI3WHfo6Lc5U-Q,gyuvee,929,213,151,True,False,False,True
d1ff3466-6c02-33b0-8085-9fa6a8b82dd5,RANKED_SOLO_5x5,CHALLENGER,I,BlZ-keqHWaOvV6rlhu42m_35L4RCGRMAeiwDvKTgYE00wHY,Gen G Quid,928,1300,1229,True,False,False,False
d1ff3466-6c02-33b0-8085-9fa6a8b82dd5,RANKED_SOLO_5x5,CHALLENGER,I,8I3IWJmN17UsJeMH1ptteWw8JCOyDD6vDpjcdVC784Fq9jE,구체맛좀볼래,924,210,125,False,False,False,False
d1ff3466-6c02-33b0-8085-9fa6a8b82dd5,RANKED_SOLO_5x5,CHALLENGER,I,Y9bEVBRE-1tFhaFQK_rc-loHjYfnGVPyEZh5ELKW07UwMaE,아프리카 아라드,923,330,267,False,False,False,False
d1ff3466-6c02-33b0-8085-9fa6a8b82dd5,RANKED_SOLO_5x5,CHALLENGER,I,XYeTCt3BgJY7zJhWMC9_jT2Geo7QPqfIOTV5mKZGTDVNmLo,다없수질,921,300,246,False,False,False,False
d1ff3466-6c02-33b0-8085-9fa6a8b82dd5,RANKED_SOLO_5x5,CHALLENGER,I,XxixR2gAeZlNRW5GVQFvYwuStLIsk_JglE_7Uo3ENVzmPYc,팀 따라하기,919,311,230,False,False,True,False
d1ff3466-6c02-33b0-8085-9fa6a8b82dd5,RANKED_SOLO_5x5,CHALLENGER,I,vfrsJdI1gtYZJLJKgHeDVQykhIvH2E1aZZz165F5cdhbA_MopIGaRO8UQg,NeoKIein,918,421,346,False,False,False,False
d1ff3466-6c02-33b0-8085-9fa6a8b82dd5,RANKED_SOLO_5x5,CHALLENGER,I,lmITorlTAcKqTXLbLFLGYctiuUfwZz-EP4T25ADmN635sT8,어딘가좀아픈사람,916,861,803,True,False,False,False
d1ff3466-6c02-33b0-8085-9fa6a8b82dd5,RANKED_SOLO_5x5,CHALLENGER,I,gCJ0lIBQ7ReT8yz3SuuX14xCduIIHFH0y0bElmH9cVN4fyE,La Casa de PapeI,915,1122,1068,True,False,False,False
d1ff3466-6c02-33b0-8085-9fa6a8b82dd5,RANKED_SOLO_5x5,CHALLENGER,I,iGDneFDN8ZJqPHKZFxV-P-FMvIiARKWWuQ7oDYc9dmmiAg,BigFour44,915,776,709,False,False,False,False
d1ff3466-6c02-33b0-8085-9fa6a8b82dd5,RANKED_SOLO_5x5,CHALLENGER,I,FfgZdnvb2NGtwgaB7dXBbO0OMpNtIT7Ev5Refas4yZSgCGA,lIlIIllIlIIllIlI,915,222,174,False,False,False,True
d1ff3466-6c02-33b0-8085-9fa6a8b82dd5,RANKED_SOLO_5x5,CHALLENGER,I,dN_1sAoHXcgnMIgbXrwhLqH9JRxS9PYA2PKJBq2VUSNvsOwrbgo9HyWnVg,건어물 빵마루짱,914,133,78,False,False,True,False
d1ff3466-6c02-33b0-8085-9fa6a8b82dd5,RANKED_SOLO_5x5,CHALLENGER,I,VJ1hf2spv2eu3Ag6_8zi9NrDRrPW_RmcTbxFRIrwDWZMVA,여름아나를왜물어,913,329,264,False,False,False,True
d1ff3466-6c02-33b0-8085-9fa6a8b82dd5,RANKED_SOLO_5x5,CHALLENGER,I,PH0luiaE36PV4hbfgqokZPViHD_vhO-ywKo61U8Uju2yiDo,xinren,912,329,281,True,False,False,False
d1ff3466-6c02-33b0-8085-9fa6a8b82dd5,RANKED_SOLO_5x5,CHALLENGER,I,ZC9Lt29Dqu5Lh2_MPrGYPyMeF6GTOhLcixvvpIPAKGr5SMJI5J6JCo0XJg,Wor1d Champions,912,179,128,False,False,False,False
d1ff3466-6c02-33b0-8085-9fa6a8b82dd5,RANKED_SOLO_5x5,CHALLENGER,I,SguIrUi8y737MANT8tL_F7umkqbCBnbQsi12BUPoMfG2zMY,호잇이,905,817,761,True,False,False,True
d1ff3466-6c02-33b0-8085-9fa6a8b82dd5,RANKED_SOLO_5x5,CHALLENGER,I,WWPikOi8RfpSrRK3mohhIVy3StzMUevfzn8kP23ITjiAGT4,우울적울컥,903,500,446,True,False,False,False
d1ff3466-6c02-33b0-8085-9fa6a8b82dd5,RANKED_SOLO_5x5,CHALLENGER,I,UBA1MevI0JsRAUoIxZd6xfAJxyBq8XKDaDg6XM2S9KWefnFcAnctixWcEQ,미 호,902,254,198,True,False,False,False
d1ff3466-6c02-33b0-8085-9fa6a8b82dd5,RANKED_SOLO_5x5,CHALLENGER,I,RkemMMG67rKI8MXdNirLQ7iGu4qRR7VEBhgpCIYr2sq6SIo,700125,900,902,849,False,False,False,False
d1ff3466-6c02-33b0-8085-9fa6a8b82dd5,RANKED_SOLO_5x5,CHALLENGER,I,1OiB5fbv1I8BzAkhaFW7ogS6JQbBtos9jPzaZAbblksdwh0,drxdrxxxx2313124,900,858,791,False,False,True,False
d1ff3466-6c02-33b0-8085-9fa6a8b82dd5,RANKED_SOLO_5x5,CHALLENGER,I,eWPLmkc4CXSqa362ggDYvmrf1pwz2vj5kGKpaK7oT5H1unY,워 드,899,408,345,True,False,False,False
d1ff3466-6c02-33b0-8085-9fa6a8b82dd5,RANKED_SOLO_5x5,CHALLENGER,I,9l0YjjvdA1BpEIiuQK980I2fOcG901TYsWk4NDEODtwKaV0,포식자,898,825,771,False,False,False,False
d1ff3466-6c02-33b0-8085-9fa6a8b82dd5,RANKED_SOLO_5x5,CHALLENGER,I,CECTYCogl_Wgcxu1IqVQaIJYN_3n3e9UKv5SAFDV1eLhGZo,Avocadoda,893,547,490,False,False,False,False
d1ff3466-6c02-33b0-8085-9fa6a8b82dd5,RANKED_SOLO_5x5,CHALLENGER,I,EZ421C-ojbrHpcx2Mdwr4RptxI_8LKZkL_HfcGtvm8Nre9erEUPh1D8sug,구글 롤코코팀,893,153,88,False,False,False,False
d1ff3466-6c02-33b0-8085-9fa6a8b82dd5,RANKED_SOLO_5x5,CHALLENGER,I,6MPVaH2CStpY8aPp7ZjFLEQY7nUiQZfTo_6xz4enw-M75VI,듀오 구글 제드팀,887,432,381,False,False,False,False
d1ff3466-6c02-33b0-8085-9fa6a8b82dd5,RANKED_SOLO_5x5,CHALLENGER,I,J_A4ORRyHz7_VvRhm9YCliejuZZd4eTae_B61GDPf_lT_dk,양념형,886,545,476,True,False,False,False
d1ff3466-6c02-33b0-8085-9fa6a8b82dd5,RANKED_SOLO_5x5,CHALLENGER,I,09QVAQfslxTRKWQsqUMADfbR4o-iCFdSfCiMwexPVevZ9qo,사랑하지 않아,880,237,181,False,False,False,False
d1ff3466-6c02-33b0-8085-9fa6a8b82dd5,RANKED_SOLO_5x5,CHALLENGER,I,R3Hl_8MwVVjLG_v41ZkU5Sw3CARs2e-hZz8gukQevs6ZCPNvOaY2JrzNPA,깨달음을얻은남자,876,700,616,False,False,False,False
d1ff3466-6c02-33b0-8085-9fa6a8b82dd5,RANKED_SOLO_5x5,CHALLENGER,I,QDrdhK8Amjbh27ADbGGl7LxyN2Pu-4ejNbNel89lQRxNU-8,almond bon bon,874,148,88,False,False,False,False
d1ff3466-6c02-33b0-8085-9fa6a8b82dd5,RANKED_SOLO_5x5,CHALLENGER,I,1HouhkMS8SNwOXzXMDO7OuW87WJowqm23U6aGEySaHgCpf_L,Mung,873,293,218,False,False,False,True
d1ff3466-6c02-33b0-8085-9fa6a8b82dd5,RANKED_SOLO_5x5,CHALLENGER,I,ghbjn1CB9ge7pndsyFXtKzJliTZGYDB32_6OXyUeMcXbfQ,시부야카논사랑해,872,604,539,False,False,False,False
d1ff3466-6c02-33b0-8085-9fa6a8b82dd5,RANKED_SOLO_5x5,CHALLENGER,I,Lk3tinEP0RWttYrL2VbnK5kd8FFzm3C1LqC35ax-E_WOMAE,누쇤퍅,871,641,590,False,False,True,False
d1ff3466-6c02-33b0-8085-9fa6a8b82dd5,RANKED_SOLO_5x5,CHALLENGER,I,05hPNlI-FVaJkDm02Zjgv3KHdTMNKzGV8ttfugx960dinpd7R3wR_lSnhA,supi,871,161,119,False,False,False,True
d1ff3466-6c02-33b0-8085-9fa6a8b82dd5,RANKED_SOLO_5x5,CHALLENGER,I,cST5FVZBxArgzlQRMGWkToRchSBlhcdfDZOuiWVRly56eAk,이기고오쉽당,870,754,693,True,False,False,False
d1ff3466-6c02-33b0-8085-9fa6a8b82dd5,RANKED_SOLO_5x5,CHALLENGER,I,qSYoi7JgNDWAzgug2nytZiTF87Wu8uyLz_bb9Odlhnumhy-g,lIlIIIIlIIIlIIII,869,507,440,False,False,False,False
d1ff3466-6c02-33b0-8085-9fa6a8b82dd5,RANKED_SOLO_5x5,CHALLENGER,I,NmQ6QzZ8WH58jdm771fpkFHyfGAosHWS8jB2YEybnxv66TrGneKQeQUoYg,AASSH,867,594,534,False,False,False,False
d1ff3466-6c02-33b0-8085-9fa6a8b82dd5,RANKED_SOLO_5x5,CHALLENGER,I,mQL9a78F7HTmMGUsphM7CYtWa6qg7LYWKfq_Fpxm2JCY3HNkblSphATSIA,홀플레인,867,374,303,False,False,False,False
d1ff3466-6c02-33b0-8085-9fa6a8b82dd5,RANKED_SOLO_5x5,CHALLENGER,I,pwuG4FXUN922VjcI6nQpN2vaW-Xu4dcAAEdCRARUIcrNwEs,설빙따까리,865,576,477,True,False,False,False
d1ff3466-6c02-33b0-8085-9fa6a8b82dd5,RANKED_SOLO_5x5,CHALLENGER,I,NgrZJPa9DNaKjpVHEeXx0S7fpuKvbQEIXFnnmtlCNUenyn2NuLwBK5Su4A,FA Young JG,864,271,214,False,False,False,False
d1ff3466-6c02-33b0-8085-9fa6a8b82dd5,RANKED_SOLO_5x5,CHALLENGER,I,4KNB7jSjgZPI14Mdu2KYjlJLaLHaRuv4MEG4nMrRoF3x1Es,구석에앉아있기,861,252,194,False,False,False,False
d1ff3466-6c02-33b0-8085-9fa6a8b82dd5,RANKED_SOLO_5x5,CHALLENGER,I,HQrO8YGvkxIbr88SsAA-5cNeHmfuw_raogcZBc8vePcIz1k,HLE Bautt,859,547,496,True,False,False,False
d1ff3466-6c02-33b0-8085-9fa6a8b82dd5,RANKED_SOLO_5x5,CHALLENGER,I,lMzDok2NPLJFBY4l0HNZLEAKbxvtpzwEngkIxYP0K_BOG10,7810206,858,477,417,False,False,False,True
d1ff3466-6c02-33b0-8085-9fa6a8b82dd5,RANKED_SOLO_5x5,CHALLENGER,I,6WXMROXLAhlxL8o5Gt9adQYfOIbMAtL1EZFAQMjOd-yhWVM,강의 듀오 제드팀,857,579,518,False,False,False,False
d1ff3466-6c02-33b0-8085-9fa6a8b82dd5,RANKED_SOLO_5x5,CHALLENGER,I,ZI0LSey_-NBIK26ikZz4I2FpzldQ4jLyI92HzrvTbjyD4KA,MIDKlNG,856,207,144,False,False,True,True
d1ff3466-6c02-33b0-8085-9fa6a8b82dd5,RANKED_SOLO_5x5,CHALLENGER,I,YyYlgD03q9sVZHzyXrFgILeEPh00ACat7gFVS_rJDeh4gHs,숟뀨락,855,613,560,False,False,False,False
d1ff3466-6c02-33b0-8085-9fa6a8b82dd5,RANKED_SOLO_5x5,CHALLENGER,I,DvrWMf5MTWs83jo5q_6yFGDmw0jHkefxcFSmvNmNY1z-6DI,Let me sup,854,826,770,True,False,False,False
d1ff3466-6c02-33b0-8085-9fa6a8b82dd5,RANKED_SOLO_5x5,CHALLENGER,I,f4Ksr4p0ZUgHtizSYFL5riCbQtLyCpPcwrn8LFVaaqDg0Q,Tadpole Galaxy,847,388,325,False,False,False,False
d1ff3466-6c02-33b0-8085-9fa6a8b82dd5,RANKED_SOLO_5x5,CHALLENGER,I,zsn_4a7mYT37nWbJY2X1p_nLxduLZJ3BKFQjUefcdUOIBzshgcQIJKV1uQ,dangyadangyadang,842,633,562,False,False,False,False
d1ff3466-6c02-33b0-8085-9fa6a8b82dd5,RANKED_SOLO_5x5,CHALLENGER,I,mmyFuZUcohtpak7_0q5hxN5E7ArBY8xn6g0pY-44jhGie0M,AF Le5,840,960,908,True,False,False,False
d1ff3466-6c02-33b0-8085-9fa6a8b82dd5,RANKED_SOLO_5x5,CHALLENGER,I,M1dnFQJvQ3_x0v7MTE_4dekd5RKdEfzCYVuglJKgZR6cn4ORCgkwDJSxCQ,어리고싶다,839,603,558,True,False,False,False
d1ff3466-6c02-33b0-8085-9fa6a8b82dd5,RANKED_SOLO_5x5,CHALLENGER,I,bTmay3AYKUIZH9_1mxNkXwXfLEXKcujqtjTfzwNj3QGcEm4,초록매실 요정,839,453,397,False,False,False,False
d1ff3466-6c02-33b0-8085-9fa6a8b82dd5,RANKED_SOLO_5x5,CHALLENGER,I,sC12YgtXzQkz_8jjl8qFjxipP9GmBcE5KhGaUYFKYTU_2w,T1 Roach,838,500,444,False,False,False,False
d1ff3466-6c02-33b0-8085-9fa6a8b82dd5,RANKED_SOLO_5x5,CHALLENGER,I,ujamHaMqA_AtF6_2RFFahFvQgPl5U36LbW37LAO45xdUVAQ,못할 때도 있지,838,475,420,False,False,False,True
d1ff3466-6c02-33b0-8085-9fa6a8b82dd5,RANKED_SOLO_5x5,CHALLENGER,I,wiMbWtiplqPgzUPGOgtXSevOiopZTCvZMvZ3RsMMsUdVg50,미드조지기,833,1014,961,False,False,False,False
d1ff3466-6c02-33b0-8085-9fa6a8b82dd5,RANKED_SOLO_5x5,CHALLENGER,I,4l0LHMwLVdOow8ytCYoZq2V4272QwT2hWPYiURVEQha96g,엔 햐,833,209,159,False,False,False,True
d1ff3466-6c02-33b0-8085-9fa6a8b82dd5,RANKED_SOLO_5x5,CHALLENGER,I,Knqd82-7Kzc06k2Yxh6YdVbdxZDGIeUvGg3drmt8z4CKLg,광팔햄,830,566,501,False,False,False,False
d1ff3466-6c02-33b0-8085-9fa6a8b82dd5,RANKED_SOLO_5x5,CHALLENGER,I,_dB7TIsCFNUoP30_w5ucqC28qSMflRdrTGsYUuM23yLLBns,Practice,830,303,250,False,False,True,True
d1ff3466-6c02-33b0-8085-9fa6a8b82dd5,RANKED_SOLO_5x5,CHALLENGER,I,ePsSQ6ewFCJnCNfChpPSw_oJXMPJwNdyZ7sxicvT1KPZmQ,PhasedKiller,828,267,205,True,False,False,False
d1ff3466-6c02-33b0-8085-9fa6a8b82dd5,RANKED_SOLO_5x5,CHALLENGER,I,yShNHggGsiasy6gsEXuiPs0akB9EuoATmFHcQoyrKaJmZrap8prvkgk-Nw,Love dont stop,827,593,537,False,False,True,False
d1ff3466-6c02-33b0-8085-9fa6a8b82dd5,RANKED_SOLO_5x5,CHALLENGER,I,LgpgsUIfWbZezQWE_gjAFFhfuyS09zHRfb9dVkqJUuTrMdk,으 하하 맛 있 어,825,116,70,False,False,False,True
d1ff3466-6c02-33b0-8085-9fa6a8b82dd5,RANKED_SOLO_5x5,CHALLENGER,I,ULhM1MY__S-jUzn2iVI5S3D9hzoqNi66pFpAHM-ZEBeJtG0,Fox B Pat,824,450,393,False,False,False,False
d1ff3466-6c02-33b0-8085-9fa6a8b82dd5,RANKED_SOLO_5x5,CHALLENGER,I,WC6_92cmf9BMEZdOfnkiE2NHm5rv2EGbhtShMXwVKRhQRNI,끼릭끼리릭,823,707,683,False,False,False,False
d1ff3466-6c02-33b0-8085-9fa6a8b82dd5,RANKED_SOLO_5x5,CHALLENGER,I,_EsEahJHTxNfGh3jbYHjFpnjoLMmekKvwfS5arvxxGpVHFEkqCsHGYQmOA,옆동산외계인,823,697,629,False,False,True,False
d1ff3466-6c02-33b0-8085-9fa6a8b82dd5,RANKED_SOLO_5x5,CHALLENGER,I,NlCpnxtL-Kfkpkjo5J5YNNlUepyCtJA-1FWHTR-Azk216x0,Weasely,823,446,334,False,False,False,False
d1ff3466-6c02-33b0-8085-9fa6a8b82dd5,RANKED_SOLO_5x5,CHALLENGER,I,Ua5iTL5B1DoZdVxlPkVv7rd-9CE9dHFH2wnu5MJDtePkUYs,아라드,822,342,275,False,False,False,False
d1ff3466-6c02-33b0-8085-9fa6a8b82dd5,RANKED_SOLO_5x5,CHALLENGER,I,Rm7b6BUsuZU1W04-QYUrWQYVQ0F4CyB6KqlYsKmnNj6z7g,근성맨,821,785,718,False,False,False,True
d1ff3466-6c02-33b0-8085-9fa6a8b82dd5,RANKED_SOLO_5x5,CHALLENGER,I,ZpF1oySPH_SZXrxHkGXalBV-A-OQ7nCEKbtOEh3KW-asMcA,qhwkdlru,821,336,267,False,False,True,False
d1ff3466-6c02-33b0-8085-9fa6a8b82dd5,RANKED_SOLO_5x5,CHALLENGER,I,21jWHFyNX8zUGJeQwcTY9NJ9IpTVXoURBtogR475GlhiyTed,전서방 닭갈비,818,567,509,False,False,False,False
d1ff3466-6c02-33b0-8085-9fa6a8b82dd5,RANKED_SOLO_5x5,CHALLENGER,I,028tHBnUDl5tYOZ7OF0QXxXqqOJVwgs-F40YOpCgQAj40gY,szygszn,817,871,806,False,False,False,False
d1ff3466-6c02-33b0-8085-9fa6a8b82dd5,RANKED_SOLO_5x5,CHALLENGER,I,-ni8F6zuOzrin1pKOpjFcGCPO1BJpz_1PbVE14V0goJ90oo,SPG BaeKHo,816,633,586,False,False,False,False
d1ff3466-6c02-33b0-8085-9fa6a8b82dd5,RANKED_SOLO_5x5,CHALLENGER,I,LUA2LDWBlifu0s79EbEzl6azrLl5p0kerd94J4SpbXofWlQ,05프로하고싶어요,815,374,318,False,False,False,True
d1ff3466-6c02-33b0-8085-9fa6a8b82dd5,RANKED_SOLO_5x5,CHALLENGER,I,PwNtIb65nQ2qT_rGqebKM72CxFw1oafkOycCJycZn9LOFOI,Sangchu,814,236,187,False,False,False,False
d1ff3466-6c02-33b0-8085-9fa6a8b82dd5,RANKED_SOLO_5x5,CHALLENGER,I,7xO_1MgupCC_czfNB1hGosh4viZpiDmIJm3esvBI-jJSm84,Indexy,813,1094,1039,True,False,False,False
d1ff3466-6c02-33b0-8085-9fa6a8b82dd5,RANKED_SOLO_5x5,CHALLENGER,I,JPP6NhZ_Mcmq8J_OGfcbSvGeV2Lh6weIScqqpuoEsR-VyaM,wkqhrudl,813,873,831,False,False,False,False
d1ff3466-6c02-33b0-8085-9fa6a8b82dd5,RANKED_SOLO_5x5,CHALLENGER,I,OW7CjL6iVcHK5yThgk6woEo0nUTiK9wEqFkXzGWTX7e968wndZyZJ2hYKw,i sushi,813,98,53,False,False,False,False
d1ff3466-6c02-33b0-8085-9fa6a8b82dd5,RANKED_SOLO_5x5,CHALLENGER,I,ft6sUDH_KyZiRmkfFLexy0iV4NIO8HZuifmJRgSF0Rnrbb6X-L0_isiOkg,zxcsazxcazdz,812,649,591,False,False,True,False
d1ff3466-6c02-33b0-8085-9fa6a8b82dd5,RANKED_SOLO_5x5,CHALLENGER,I,TO0XHAqLil95TmelhCnSWF6s9ayKj4lDSk8UjamtGmVlCRRjXQN0efBGPQ,산속의 토끼,812,231,183,False,False,False,False
d1ff3466-6c02-33b0-8085-9fa6a8b82dd5,RANKED_SOLO_5x5,CHALLENGER,I,oaQCIFEUTKjUjhIwqNfKpbE9wlVZLQ80yfbfxxinlNQKeDM,Savage,811,1193,1127,False,False,False,True
d1ff3466-6c02-33b0-8085-9fa6a8b82dd5,RANKED_SOLO_5x5,CHALLENGER,I,0vjF26q7wCtg6dbg7izd33HgWxAMt3FS8DXFHQj8YExQjhjzhibt-ig5rQ,unlucky boy1,811,1084,1019,False,False,False,True
d1ff3466-6c02-33b0-8085-9fa6a8b82dd5,RANKED_SOLO_5x5,CHALLENGER,I,5OQPBvju7AykNzfV3hMS5OLiU9mtww2qopcGpTajZr9pmkA2,강아지도 좋아,810,773,723,False,False,False,False
d1ff3466-6c02-33b0-8085-9fa6a8b82dd5,RANKED_SOLO_5x5,CHALLENGER,I,sXM3eKHFNdrqkO9jzgccuEY0Hjkzysf9XSOqFCjf7SoH_NQ,검색하려면여기에,807,413,364,False,False,True,False
d1ff3466-6c02-33b0-8085-9fa6a8b82dd5,RANKED_SOLO_5x5,CHALLENGER,I,PV9gBtudN-uqufg6mb_ZWGtqH-TwLuPQqulq5FQXlP5Q3LI,졸며게임,807,277,229,False,False,False,False
a37af09b-ecb8-3664-9453-cf2b0138dd6e,RANKED_SOLO_5x5,GRANDMASTER,I,DFPiezDzs2z6WOzi3kgKjed3jsHuSicNVSfxU2zr0HdLWLQ,Destiny,832,434,375,False,False,False,True
a37af09b-ecb8-3664-9453-cf2b0138dd6e,RANKED_SOLO_5x5,GRANDMASTER,I,WiAtoDdUpXVkY1RMulQcRIbPTv05U24umaaxfBat2wBAC4rh,듀오강의코코팀,781,156,94,False,False,True,False
a37af09b-ecb8-3664-9453-cf2b0138dd6e,RANKED_SOLO_5x5,GRANDMASTER,I,Uw9Mcm_DFjYK9Z_cNHGJEQ1pt7ml0sFyaIztPRGfEiObpcXqGgn3CxIRYg,나는변신할것이다,765,808,739,False,False,True,False
a37af09b-ecb8-3664-9453-cf2b0138dd6e,RANKED_SOLO_5x5,GRANDMASTER,I,xakJh7mzG6gyZAxiWN64Dj2aefWZAkl_XcijNNAF4e0ksEA,L1sure,759,319,270,False,False,False,True
a37af09b-ecb8-3664-9453-cf2b0138dd6e,RANKED_SOLO_5x5,GRANDMASTER,I,O6HTUXUHFR8zlvErA4BW7ihf1bBqOTaWUpO09I7nYQnnqmk,고구마태풍,753,498,440,False,False,True,True
a37af09b-ecb8-3664-9453-cf2b0138dd6e,RANKED_SOLO_5x5,GRANDMASTER,I,hDKXcTRtk5VltMDoVJfkGJVn2lyLuAXaOOLETC3BIahYGWc,DRX 홍창현,747,683,634,False,False,True,False
a37af09b-ecb8-3664-9453-cf2b0138dd6e,RANKED_SOLO_5x5,GRANDMASTER,I,chzjuEZvvrsAsMDf1S-PJLDULqhmkfzRPDtSgYP54fY-sQ,CHAN SAY,744,583,537,True,False,False,True
a37af09b-ecb8-3664-9453-cf2b0138dd6e,RANKED_SOLO_5x5,GRANDMASTER,I,5WB-8pVznNGf5U5wQ0mZkOJJEKu3NFYgxs5B1ORsWLSpYR0,커피물조절장인,743,902,838,True,False,False,False
a37af09b-ecb8-3664-9453-cf2b0138dd6e,RANKED_SOLO_5x5,GRANDMASTER,I,7ygciNe16zmpXrqOn-Yf2Cen1N2rJmLrTqxf2GOE-o4NGpc,기억을 찾는 소녀,742,968,915,False,False,True,False
a37af09b-ecb8-3664-9453-cf2b0138dd6e,RANKED_SOLO_5x5,GRANDMASTER,I,6nOMFVsu1EznbW9xv8eMPuBGVpswMuQ4IJpjb_Niw4MGhvKVbNd-SUpdpw,P90MY,742,188,127,False,False,True,False
a37af09b-ecb8-3664-9453-cf2b0138dd6e,RANKED_SOLO_5x5,GRANDMASTER,I,WYttvFlOHzBCVmcqr1b50EPW_LoB6egBLNeH307MYBT8iVw9KlbfIvLIbg,tutubaobei,741,208,143,False,False,True,True
a37af09b-ecb8-3664-9453-cf2b0138dd6e,RANKED_SOLO_5x5,GRANDMASTER,I,Txdml8pK4tookhVLpyOdvUKo30MeNQ0gjzUjQI0T6BIN_u8,tiansq,740,536,479,False,False,True,False
a37af09b-ecb8-3664-9453-cf2b0138dd6e,RANKED_SOLO_5x5,GRANDMASTER,I,9FjvrRCKu0Rf4QRljTlybi4yhpaAPQgFUDe4NrYTmynxMEo0O9UtyFp8ZA,언젠가만나게되는,740,146,101,True,False,False,True
a37af09b-ecb8-3664-9453-cf2b0138dd6e,RANKED_SOLO_5x5,GRANDMASTER,I,4Q8kHg8T5UH616EAzacuyoB-meagneh8qHrvJ_z63sm-WHQ,메 피,739,380,326,False,False,True,False
a37af09b-ecb8-3664-9453-cf2b0138dd6e,RANKED_SOLO_5x5,GRANDMASTER,I,lO4NI0c6hzMvi1LKM-6aQtFg0UoakMTpDo103ijHi2DKfpoN7yUghKUG7g,유튜브 홍코노,737,225,168,False,False,False,False
a37af09b-ecb8-3664-9453-cf2b0138dd6e,RANKED_SOLO_5x5,GRANDMASTER,I,sPT5LO2fhYzswySn1vV_TMzw-aZ0l5JvrfL_SY9alVdXYf8,daya1,737,178,136,False,False,False,False
a37af09b-ecb8-3664-9453-cf2b0138dd6e,RANKED_SOLO_5x5,GRANDMASTER,I,ot-Tf_tl51q8mdI2xKag1v3RTdaCpuKQo2RYIKmg1uOc0h0,EWrRS,735,169,122,False,False,True,False
a37af09b-ecb8-3664-9453-cf2b0138dd6e,RANKED_SOLO_5x5,GRANDMASTER,I,-W0QfY2bOYKiMz1z8C8aewGJSf8IEY2eXmfrdVztsgH5xBuq75FaRuTXCg,sibaaaaaaaaaaa,733,984,892,False,False,True,False
a37af09b-ecb8-3664-9453-cf2b0138dd6e,RANKED_SOLO_5x5,GRANDMASTER,I,tEa-zWFjBa3-8mMH9lmd4yBKXcGiqMAtJBQm_RMCFXdta6KJ,hate lulu,728,204,166,False,False,True,False
a37af09b-ecb8-3664-9453-cf2b0138dd6e,RANKED_SOLO_5x5,GRANDMASTER,I,KJZRsgpvAS5lQu4CoOyPz4LHlWrkGzpsXZyqVuFVElXbsgM,실패따위,725,432,385,False,False,True,False
a37af09b-ecb8-3664-9453-cf2b0138dd6e,RANKED_SOLO_5x5,GRANDMASTER,I,1Y0_HUmmOKHITiKQQHgRalKe8FyTWezCXxdy6Wyn96ZpWis,kkk666666kkk,724,1005,967,False,False,False,False
a37af09b-ecb8-3664-9453-cf2b0138dd6e,RANKED_SOLO_5x5,GRANDMASTER,I,39vpOs8lKNSH3w4vnl4tyOiTK1iYvY8LBGlOvfhCPk2sF-c,Gen G Rascal,724,751,707,False,False,True,True
a37af09b-ecb8-3664-9453-cf2b0138dd6e,RANKED_SOLO_5x5,GRANDMASTER,I,rHgo6UJD5CyJEM89kI5CJUEh4hw1eKFnELh3kqHXcyxpXpU,awsdrfgyhjik,724,568,519,False,False,True,False
a37af09b-ecb8-3664-9453-cf2b0138dd6e,RANKED_SOLO_5x5,GRANDMASTER,I,pZiERWqAKP-Yecl4yWgUSjHvpqYEvAq3ZvxaYPu7_apVYZRFUt8K0nKUXg,원딜 일짜앙,724,384,331,False,False,True,False
a37af09b-ecb8-3664-9453-cf2b0138dd6e,RANKED_SOLO_5x5,GRANDMASTER,I,Ha85HOeY3_5lWQc_a6ESJF-Kufazw5noDn-GTPB6gtAGkw,BRO Chieftain,720,724,652,False,False,True,False
a37af09b-ecb8-3664-9453-cf2b0138dd6e,RANKED_SOLO_5x5,GRANDMASTER,I,0qj4aTxcdpNw39234vjWTOKPZViOSBjv1KEZDTEZVMWprPyoRrEhYJqCKw,jusaka1,720,233,199,False,False,True,False
a37af09b-ecb8-3664-9453-cf2b0138dd6e,RANKED_SOLO_5x5,GRANDMASTER,I,j6QquAFKQzK7Ug3sARXvujuhy8QWNz7U4fD8dmTlCNQQzaR0RLFrolvUiQ,삐에로가면,719,688,643,False,False,True,False
a37af09b-ecb8-3664-9453-cf2b0138dd6e,RANKED_SOLO_5x5,GRANDMASTER,I,FUB1Ou2LPVFK-FX7_3JE0QGhNncv8QKCjbNyyS9PlEGWPns,물개르세르끼,719,631,576,True,False,False,False
a37af09b-ecb8-3664-9453-cf2b0138dd6e,RANKED_SOLO_5x5,GRANDMASTER,I,JYbc-0hLDEEoJZ6LfEthebDOAhuCm_M41Z-YTYXRxOB7FOY,저는구제불능,717,724,677,False,False,True,False
a37af09b-ecb8-3664-9453-cf2b0138dd6e,RANKED_SOLO_5x5,GRANDMASTER,I,b5XKVLTQHBmjVFgINrq8q61KwGNnAWk5OKdY4PCYNI5AKhc,RiHoo,717,612,570,True,False,False,False
a37af09b-ecb8-3664-9453-cf2b0138dd6e,RANKED_SOLO_5x5,GRANDMASTER,I,e_vGQXx-n_37kb1_-8jFBwhHVoYgJNBln9uZ53bigtKi70Y,MNTNMNTNM,716,666,634,True,False,False,False
a37af09b-ecb8-3664-9453-cf2b0138dd6e,RANKED_SOLO_5x5,GRANDMASTER,I,4PItmsto7e2dKjcpDfYkqOWXqmxY9u8pkX6sVs5GaZJiqA,shamoluotuo,715,343,306,False,False,True,False
a37af09b-ecb8-3664-9453-cf2b0138dd6e,RANKED_SOLO_5x5,GRANDMASTER,I,MvXM5sB4KuLz5aUyNEyYVlab7k9qLjtb2wtP3Q6G5sxS8fI,쿠자니,714,342,304,False,False,False,True
a37af09b-ecb8-3664-9453-cf2b0138dd6e,RANKED_SOLO_5x5,GRANDMASTER,I,eh7XjSjAj383tx1Kpf7FT7OtXCMXysWA6JGHIx9BqZjPixSlaENb4BTVzg,eaqwqearwa,713,801,750,False,False,True,False
a37af09b-ecb8-3664-9453-cf2b0138dd6e,RANKED_SOLO_5x5,GRANDMASTER,I,aZuX_aV17L4F35dVS45sUDJOQNbuPBT7CDCSZnqJOx7EZg,몽키 D 짱구,712,542,491,False,False,True,False
a37af09b-ecb8-3664-9453-cf2b0138dd6e,RANKED_SOLO_5x5,GRANDMASTER,I,lx9Nhj-FskHH4TF7Q8XvX0zzV-heVgDNx0V6yAnScDJFfvKt39dGptHKkA,Trisak,710,1235,1187,False,False,True,False
a37af09b-ecb8-3664-9453-cf2b0138dd6e,RANKED_SOLO_5x5,GRANDMASTER,I,66xN8J0qss9fkegaD7Zd1RZBX11WMzjnUH91xV91yEKYL6w,나라카일,710,707,658,False,False,True,False
a37af09b-ecb8-3664-9453-cf2b0138dd6e,RANKED_SOLO_5x5,GRANDMASTER,I,hCeVhdB6sPgT3v_enlvfjBcJ65QjU_HmWF04TVam2_VfrVeOf4dHhfbzOg,xiao adc,710,132,69,False,False,True,False
a37af09b-ecb8-3664-9453-cf2b0138dd6e,RANKED_SOLO_5x5,GRANDMASTER,I,cgahctDCAbWjAOnXjeTuCO1dNo9fmrhM3cnj9-XV86Mj0ry95UfUsEfrfA,WeiLaiKaQi,709,1176,1110,False,False,True,True
a37af09b-ecb8-3664-9453-cf2b0138dd6e,RANKED_SOLO_5x5,GRANDMASTER,I,cRby8eBTNV5DM2h1sJxsi3SiRv6uYGkexCNY5YbJxxB0bvM,디디에 이준민,704,722,681,True,False,False,False
a37af09b-ecb8-3664-9453-cf2b0138dd6e,RANKED_SOLO_5x5,GRANDMASTER,I,_NOfFaw7rGzup1XY1fW8OmbFJd-hlYFjWRP1prxRfSdZT-DOHb0xK6yIgQ,hggbexrloo,704,399,340,False,False,True,True
a37af09b-ecb8-3664-9453-cf2b0138dd6e,RANKED_SOLO_5x5,GRANDMASTER,I,LslkgGoVmVKW8ePF7Z-6QiTNVoylUItx3L1pLrLGvXHC3m4,정글 왕자 강주연,702,500,462,False,False,False,True
a37af09b-ecb8-3664-9453-cf2b0138dd6e,RANKED_SOLO_5x5,GRANDMASTER,I,8aPEjKx-lzMc9h7qrIgwlodR3nOH6mHFv904h8mFXPlX70Q,신경쓰기싫다진짜,701,502,458,False,False,True,False
a37af09b-ecb8-3664-9453-cf2b0138dd6e,RANKED_SOLO_5x5,GRANDMASTER,I,eGkRZWKBJUfScZDgzf7w50dC4Z_a_Q6gc4LDXgsX8qG-ipImYoKU1B-prw,cer,700,538,480,False,False,False,False
a37af09b-ecb8-3664-9453-cf2b0138dd6e,RANKED_SOLO_5x5,GRANDMASTER,I,qcpqjsfOLUxb7Tu4NJWrazfIziDO4UrF7iKkmmX71dlBLBc,LunaLina,699,769,722,False,False,True,False
a37af09b-ecb8-3664-9453-cf2b0138dd6e,RANKED_SOLO_5x5,GRANDMASTER,I,5LNd2vBX0AEepF7q2To-2IWKH-3anOx27-jsyGNarbAwyolE,재훈이의 모함,698,696,648,True,False,False,False
a37af09b-ecb8-3664-9453-cf2b0138dd6e,RANKED_SOLO_5x5,GRANDMASTER,I,dCH6UJHCimgxFIgWb-68-L7Ab5TMJOtnBgSDwH8tmVr5_Sc,시간의 숲,698,276,227,False,False,True,False
a37af09b-ecb8-3664-9453-cf2b0138dd6e,RANKED_SOLO_5x5,GRANDMASTER,I,J9-BKLsAELnRkZC1GbAiUTTJsziDjTYB_IMyCIYdI5c0gcao,DK Lucid,697,727,675,False,False,False,False
a37af09b-ecb8-3664-9453-cf2b0138dd6e,RANKED_SOLO_5x5,GRANDMASTER,I,zVNgKUkDNkf4Jh0DmJg99e255yYFYnESyWH7VlaMlpjRYOo,T1 Canna,696,551,508,True,False,False,False
a37af09b-ecb8-3664-9453-cf2b0138dd6e,RANKED_SOLO_5x5,GRANDMASTER,I,mZSPoB4Duj1baNZ2u7oTH81xkNCpQ11qVmNpU-kMtF8pI3c,강하다 별,695,959,907,False,False,True,False
a37af09b-ecb8-3664-9453-cf2b0138dd6e,RANKED_SOLO_5x5,GRANDMASTER,I,KeaeF6wHUzew7uMnMK8jUN91XwwCZHCXZ06aI9M-y4z4sxE,KT VicLa,693,485,445,False,False,False,False
a37af09b-ecb8-3664-9453-cf2b0138dd6e,RANKED_SOLO_5x5,GRANDMASTER,I,FX7gKDEThLihwyM39HV32TY_uGka4FikXOLMXN76GVcP9J5Z,미드잘하는정글러,691,935,870,False,False,True,True
a37af09b-ecb8-3664-9453-cf2b0138dd6e,RANKED_SOLO_5x5,GRANDMASTER,I,9DFbfbGMv4iegLNuZe37QlQEunfTibzAyADHbuDYpytmMTw,uppi,690,553,473,False,False,False,False
a37af09b-ecb8-3664-9453-cf2b0138dd6e,RANKED_SOLO_5x5,GRANDMASTER,I,W1Ssl1Fmjb8Z16lc-QgGYpdzH_lkHPKE4TgnjKo5To_T7UY,cxybaby,689,217,145,False,False,False,False
a37af09b-ecb8-3664-9453-cf2b0138dd6e,RANKED_SOLO_5x5,GRANDMASTER,I,lOZ-NGVV5r5aZrA_s0Ey5oEwmMS5mTatPjmiU8Ta7cO_QlyHNRLYeuu2_g,Hermessss,689,187,145,False,False,False,False
a37af09b-ecb8-3664-9453-cf2b0138dd6e,RANKED_SOLO_5x5,GRANDMASTER,I,lvVHm3z5CRbjg8Hq1v_NfO6ZAprbm31Fy3lOkZ3KLge9NcI,고등학생,688,1231,1168,False,False,False,False
a37af09b-ecb8-3664-9453-cf2b0138dd6e,RANKED_SOLO_5x5,GRANDMASTER,I,xeiIUFXu4rkhN74WgUXpQkoiiomAaHOkuhum-mSrISNw5w,킬러톱,688,760,715,True,False,False,False
a37af09b-ecb8-3664-9453-cf2b0138dd6e,RANKED_SOLO_5x5,GRANDMASTER,I,oalfoPd9ijhDsnsEr-kdDlza8PiIrHRIGr59lsPxt2ww5ThNBaeu4Z2FDw,sword god14,688,359,296,False,False,False,False
a37af09b-ecb8-3664-9453-cf2b0138dd6e,RANKED_SOLO_5x5,GRANDMASTER,I,lKowdvHQd1DkyFxSIIp-T3kXQkKvxOj_Znbq7l0inf0Bd8w,점수나락감,682,579,537,False,False,False,False
a37af09b-ecb8-3664-9453-cf2b0138dd6e,RANKED_SOLO_5x5,GRANDMASTER,I,EEXaHn3TZAgOhgONuYN__QG-ZxsY5PhPLU3N_PZCeBoQLFRPtdK047-rFQ,cxzqweasd,679,203,164,False,False,False,True
a37af09b-ecb8-3664-9453-cf2b0138dd6e,RANKED_SOLO_5x5,GRANDMASTER,I,7_bPokft7CbiswWsx6_ryuLyU_Fs2qi5wNLKppdz9ia9fg,SnowFlow2r,676,264,225,False,False,True,False
a37af09b-ecb8-3664-9453-cf2b0138dd6e,RANKED_SOLO_5x5,GRANDMASTER,I,m5bKIDJj__pzw1c_zVM7e37Io_kqm013ca6kWOiQVzeVAJRZLHj_hFjMzw,삼생I만물,676,145,100,True,False,False,True
a37af09b-ecb8-3664-9453-cf2b0138dd6e,RANKED_SOLO_5x5,GRANDMASTER,I,VV40uPxKS0PjkRl6Vod9Kzsj0f7WJ_So0CQgzRGPWtbv-gw,Xiaohao9,675,523,464,False,False,True,False
a37af09b-ecb8-3664-9453-cf2b0138dd6e,RANKED_SOLO_5x5,GRANDMASTER,I,UWiuiKoGe-sVJO29HSuhT4wgkIbMH0UQo4j_UTM-sUEYAAc,자신이없어요1,673,311,271,False,False,True,False
a37af09b-ecb8-3664-9453-cf2b0138dd6e,RANKED_SOLO_5x5,GRANDMASTER,I,GRsPee73lXuqA9XbrU8xSh0McSKRe2OsPaG87jU1B06bXmo,jingshen qiang,672,657,615,False,False,True,False
a37af09b-ecb8-3664-9453-cf2b0138dd6e,RANKED_SOLO_5x5,GRANDMASTER,I,6RY_cMfVh7AJpRBzqXsfLOPRSCT8bIIiXs1-HvQ0K6VwYR8,viper3,672,576,512,False,False,True,False
a37af09b-ecb8-3664-9453-cf2b0138dd6e,RANKED_SOLO_5x5,GRANDMASTER,I,GN8OV01X26IBbwjb5Z8SZzJ1KDtTgx02WD9o-0SWEql7IkLZ04Stcp-Tow,46A,671,512,438,False,False,False,True
a37af09b-ecb8-3664-9453-cf2b0138dd6e,RANKED_SOLO_5x5,GRANDMASTER,I,EMBurH9NCDy9n8Is-yHICO-T2Xc8nPUCUyy9giQMaxFm_uQ,BRO Jeong Hoon,671,212,165,False,False,False,False
a37af09b-ecb8-3664-9453-cf2b0138dd6e,RANKED_SOLO_5x5,GRANDMASTER,I,1oFBeLBYENNXw5YTteQFI2yqcCEjqJnyq9olam-pf9lPNyFDpSXbqscfhQ,77GameZting,670,816,733,True,False,False,True
a37af09b-ecb8-3664-9453-cf2b0138dd6e,RANKED_SOLO_5x5,GRANDMASTER,I,aKnlNEHL_IwGb7ZjGnq3_bGiAfoG2yksluIcf_W3B4kELpg,규 보 리,670,494,440,False,False,False,False
a37af09b-ecb8-3664-9453-cf2b0138dd6e,RANKED_SOLO_5x5,GRANDMASTER,I,J3TwNlQGkl36W7zxTi1kOS6WB7I3dKBpunpW6sUcDdTTd3p1aCOhLFz3hw,하지마제용,670,107,62,False,False,True,False
a37af09b-ecb8-3664-9453-cf2b0138dd6e,RANKED_SOLO_5x5,GRANDMASTER,I,wibDyy-rNSDHFoxZRqArnaf7RLr53qydRZ3RRitTzQo6Zh8,qsczseasdwsx,669,857,814,False,False,True,False
a37af09b-ecb8-3664-9453-cf2b0138dd6e,RANKED_SOLO_5x5,GRANDMASTER,I,4Ep_sXvyFvEQkIur1jKZAuW6YSe3NtyPgmjeZEMEyJmcNiLYx_QWX7dzIA,Makeri ta,669,221,170,True,False,False,False
a37af09b-ecb8-3664-9453-cf2b0138dd6e,RANKED_SOLO_5x5,GRANDMASTER,I,5xqc7bHff0hu1aoI_BefxoBr_iVC7FnRBLofL2xx_mfuxeU,BRO Jin0,667,506,466,False,False,False,True
a37af09b-ecb8-3664-9453-cf2b0138dd6e,RANKED_SOLO_5x5,GRANDMASTER,I,h-H5FYZrAjvAF2OVi4QFRXys04MXSpVrYkSsaSPL-d4VNA,언니우기,666,588,551,False,False,False,False
a37af09b-ecb8-3664-9453-cf2b0138dd6e,RANKED_SOLO_5x5,GRANDMASTER,I,JzRAuh03UQHBMH1zFrxtmGYLM3iU9sPixS9qyCixr8yiPKQ,lIIlIIIIIllIIII,666,564,523,False,False,False,False
a37af09b-ecb8-3664-9453-cf2b0138dd6e,RANKED_SOLO_5x5,GRANDMASTER,I,yEvUgMLdRm0zbT3hlsjEFH9xRaAuGfCVAVY8o7HDEPEgfVMtheM2Jgprvw,피자호팡,666,101,54,False,False,False,False
a37af09b-ecb8-3664-9453-cf2b0138dd6e,RANKED_SOLO_5x5,GRANDMASTER,I,8oKkbn5RITMbVl3ofZTFi6od_8lnnN9_vSpHFFKRSO2WyjW9g5XYchJwwg,1Conor McGregor2,665,409,357,False,False,False,False
a37af09b-ecb8-3664-9453-cf2b0138dd6e,RANKED_SOLO_5x5,GRANDMASTER,I,2PS9S0pKofFKx2MCuik1HyhpbFjXMX7g-Em5tR3GZn_wcA,그만해 재미없어,662,302,261,False,False,False,False
a37af09b-ecb8-3664-9453-cf2b0138dd6e,RANKED_SOLO_5x5,GRANDMASTER,I,WKGwSAbNRulr7mo6hx6yQ-WtpUKeyDel_csVEXHuoDMnunw,토낀 토끼,658,416,377,True,False,False,False
a37af09b-ecb8-3664-9453-cf2b0138dd6e,RANKED_SOLO_5x5,GRANDMASTER,I,2zHW6fT0vLZ_nyC0O9J3XyljewISXMhI7u1KMPlFwS8AXPA3,민식박고양이 휴 ,658,252,209,False,False,False,False
a37af09b-ecb8-3664-9453-cf2b0138dd6e,RANKED_SOLO_5x5,GRANDMASTER,I,ETmWKutaLEZkWwo6t7Wn5rZK9230gus6-pbqpZFONyZGbYmb,DK Pullbae,657,748,698,False,False,True,False
a37af09b-ecb8-3664-9453-cf2b0138dd6e,RANKED_SOLO_5x5,GRANDMASTER,I,lMcZytYbkFJf-ZkCiIzyInOTiPqHNiWTMeUJ8J5u0s3jhQY,unhappy11,657,519,462,False,False,False,False
a37af09b-ecb8-3664-9453-cf2b0138dd6e,RANKED_SOLO_5x5,GRANDMASTER,I,J2S_7iW7fyZK-sFU0pyArZYjzSE5ctbZ0EE9XVf9TqwotDM,hewon,657,289,252,True,False,False,False
a37af09b-ecb8-3664-9453-cf2b0138dd6e,RANKED_SOLO_5x5,GRANDMASTER,I,8Aj8SFGO02Oj4VEyvi9Fjz0dWwCinOzWQa3K2GaaxbW9aJM,폭탄치우기,656,698,654,False,False,True,False
a37af09b-ecb8-3664-9453-cf2b0138dd6e,RANKED_SOLO_5x5,GRANDMASTER,I,kUNrh0o9MNqE8PmzPm8dlKIF-vczll_iJXtqpTmmd5KJ-z8,제드팀 CdCd,656,337,285,False,False,False,False
a37af09b-ecb8-3664-9453-cf2b0138dd6e,RANKED_SOLO_5x5,GRANDMASTER,I,TjbDbCwhPop9X42i2CDAOoYRAKX-ejjOC8a9TQN6QZiCJS4,지구야 돌아와,655,947,897,True,False,False,False
a37af09b-ecb8-3664-9453-cf2b0138dd6e,RANKED_SOLO_5x5,GRANDMASTER,I,2HqOpBmPCa4snPiJ7o8O0IYiQVtyA4uxnxu2YaOFK8aVGfU,42141321,655,676,629,False,False,False,False
a37af09b-ecb8-3664-9453-cf2b0138dd6e,RANKED_SOLO_5x5,GRANDMASTER,I,H5c642-hECUoVHVQdHyexQbfR4u9LpNh_BVbCc4Bs6RgMtA,IIIlllIIIlllIIII,655,336,296,False,False,False,False
a37af09b-ecb8-3664-9453-cf2b0138dd6e,RANKED_SOLO_5x5,GRANDMASTER,I,Q71ojOq8Z4EhpxkzN41Y805ceb1oDr34WXc5jNqhe_M6pyg,b2b2b2b2b2b,654,455,410,False,False,False,False
a37af09b-ecb8-3664-9453-cf2b0138dd6e,RANKED_SOLO_5x5,GRANDMASTER,I,Wpp3B67RhYk4vUz3GBfmxWWPrStwrM2XQm9L_eWdG8Cc66U,Juhana,653,943,908,False,False,True,False
a37af09b-ecb8-3664-9453-cf2b0138dd6e,RANKED_SOLO_5x5,GRANDMASTER,I,7VrhK6Bw6bE8gjioZR2WRxbMCxj_5CHSGej8sEEXYBOfPrs,AD JJoon,653,728,684,False,False,False,True
a37af09b-ecb8-3664-9453-cf2b0138dd6e,RANKED_SOLO_5x5,GRANDMASTER,I,mZAH9oETUy8FH_JpHINdmy2dBcIGmW6bkWRodJNj4kwPl8E,Fox B Osu,652,622,578,False,False,True,False
a37af09b-ecb8-3664-9453-cf2b0138dd6e,RANKED_SOLO_5x5,GRANDMASTER,I,0OSkrglWKfBsa1FHYdLKDqCPW1kLI2zg6eAqXbRP2RK6xPI,나락 캐리,652,208,157,True,False,False,True
a37af09b-ecb8-3664-9453-cf2b0138dd6e,RANKED_SOLO_5x5,GRANDMASTER,I,zD4iE0S01u1AMHfRH70eov7vof2dZex4HIQbsbl80cJbEOg,룬 곰,652,148,102,False,False,False,False
a37af09b-ecb8-3664-9453-cf2b0138dd6e,RANKED_SOLO_5x5,GRANDMASTER,I,h7SjfK0GvwHbIDrq525uCnYwCEnxLRDhn9qbDIgOxEfdbZQ,노 빅,652,136,96,False,False,False,False
a37af09b-ecb8-3664-9453-cf2b0138dd6e,RANKED_SOLO_5x5,GRANDMASTER,I,86tCbE8qnsq47vtCFeq3YlZXYDkemlGB6oks79px5-CqeQw,Gen G Lospa,651,695,646,True,False,False,True
a37af09b-ecb8-3664-9453-cf2b0138dd6e,RANKED_SOLO_5x5,GRANDMASTER,I,HV6tLBx23NHRJTfU3F4-cVZSMMVNCHz_jqkgBdllapJ8eNA,BJ서준석사생팬,650,425,386,False,False,True,False
a37af09b-ecb8-3664-9453-cf2b0138dd6e,RANKED_SOLO_5x5,GRANDMASTER,I,rSQu3cwrwxM1PxlXI3WR0OmoR1RimogGTxuyD53wDjN_kb-1Wp2xe-rN1Q,nxnhxh,649,166,102,False,False,False,False
a37af09b-ecb8-3664-9453-cf2b0138dd6e,RANKED_SOLO_5x5,GRANDMASTER,I,GAQfpwSm95uf9NwexJGZcPKT8I_RzXKPPXja4Kg4P4krS8E,qkfzlfl,648,260,229,True,False,False,False
a37af09b-ecb8-3664-9453-cf2b0138dd6e,RANKED_SOLO_5x5,GRANDMASTER,I,lk1NrCgIVR0hgXpcuq6by9UKRG6v7VRROOwVco6hw0pQAWI,Haru0304,645,741,694,False,False,False,False
a37af09b-ecb8-3664-9453-cf2b0138dd6e,RANKED_SOLO_5x5,GRANDMASTER,I,0NqYl_uqUBmSAKVhFT0RdhfaYWWfLJUcCzbJ6gOP_IoZKB8,초코땡이,643,346,295,True,False,False,False
a37af09b-ecb8-3664-9453-cf2b0138dd6e,RANKED_SOLO_5x5,GRANDMASTER,I,siruz7hdV78qmZ_V5vEudSaThG5BD-gDLqoRUItqB3RZsnquhw-PrioAbw,Slowly Song,641,645,601,True,False,False,True
a37af09b-ecb8-3664-9453-cf2b0138dd6e,RANKED_SOLO_5x5,GRANDMASTER,I,ru1-OEk0pQJ9MVg2eaOqY3OtS4WZfnC4XblsTootu8VC3_Q,Spit in my mouth,641,288,251,False,False,False,False
a37af09b-ecb8-3664-9453-cf2b0138dd6e,RANKED_SOLO_5x5,GRANDMASTER,I,Mh5unuU7nDo6T1f3nBO-Hmmsqg7KN5letRZkW39q3VHvm_FgLwAa9uicKw,Return To U,641,191,152,True,False,False,False
a37af09b-ecb8-3664-9453-cf2b0138dd6e,RANKED_SOLO_5x5,GRANDMASTER,I,XqTIDMvccqmf8jG1amhor8-6o3gx8JHUQ3MsehU_kD-JZIg,탱 녹,640,502,454,False,False,False,False
a37af09b-ecb8-3664-9453-cf2b0138dd6e,RANKED_SOLO_5x5,GRANDMASTER,I,ioCxZ-ET0MJSuWYKxBJH_Bj-v3G-QigzqLxZHW2ccyc4Ep4,By 불비,639,582,549,True,False,False,False
a37af09b-ecb8-3664-9453-cf2b0138dd6e,RANKED_SOLO_5x5,GRANDMASTER,I,Mokao5NztW36ZuntXv_8-AwXfYMw3JAclMEKDgNtxZPzuwg,9월 1일,639,501,443,False,False,True,False
a37af09b-ecb8-3664-9453-cf2b0138dd6e,RANKED_SOLO_5x5,GRANDMASTER,I,K3ZTNYjtqlvaz9O43aRr31j8UVakkWv7OFMQXUsliKUukA,Naehyun,638,739,706,True,False,False,False
a37af09b-ecb8-3664-9453-cf2b0138dd6e,RANKED_SOLO_5x5,GRANDMASTER,I,sBN3nAznZuVke485qhfsY0yFgl7wWT79sErfkMmoA0uESUoF8fXvf5dr3w,long yan jing yi,636,142,91,False,False,False,False
a37af09b-ecb8-3664-9453-cf2b0138dd6e,RANKED_SOLO_5x5,GRANDMASTER,I,vP-DAhi81iu870nN3GgDqM0Rzfs4L-dQgiHBGlVvesRFEF3hXGsnwRoh5A,아무무무무무0,634,1113,1071,True,False,False,False
a37af09b-ecb8-3664-9453-cf2b0138dd6e,RANKED_SOLO_5x5,GRANDMASTER,I,ofGmRsxLlyG_BuBCLH9jAQkoukNAqojQt5aFPeqkb9eP6XK7f9oJRwDCZQ,순결여고생,633,261,205,False,False,False,False
a37af09b-ecb8-3664-9453-cf2b0138dd6e,RANKED_SOLO_5x5,GRANDMASTER,I,F89XPGhiZNJAsX8r_NgHVkayRNRCeRTiFaytDJ0hkGMlMpG4r8XxHKAHMA,로se,632,920,807,False,False,False,True
a37af09b-ecb8-3664-9453-cf2b0138dd6e,RANKED_SOLO_5x5,GRANDMASTER,I,aOvdlIMqiBsZ_vspxR-bZQ17w2VoYiEgfyF8DQQp884tAjc,분기충천등고자비,632,577,532,False,False,False,False
a37af09b-ecb8-3664-9453-cf2b0138dd6e,RANKED_SOLO_5x5,GRANDMASTER,I,yfC_kze4vQBQ__h1VKuzQXkppgUM-ywWJVKm8cpeSCXIw-U,ANG TV,632,527,492,True,False,False,False
a37af09b-ecb8-3664-9453-cf2b0138dd6e,RANKED_SOLO_5x5,GRANDMASTER,I,bXHZ0U4MB7jPbiXcsNxaqsB08EVdrxiLfpBURhvhWvBJZA,세마리 강아지,632,382,349,False,False,False,False
a37af09b-ecb8-3664-9453-cf2b0138dd6e,RANKED_SOLO_5x5,GRANDMASTER,I,TPhcVSS8Bw6mOarWDPWkVRekyf8AtYMu1NmrYE010fUhkw,Untara,632,277,245,False,False,False,False
a37af09b-ecb8-3664-9453-cf2b0138dd6e,RANKED_SOLO_5x5,GRANDMASTER,I,Gj3S-czNjCem9Fx_jVmUFt_zsooyNejNP97vu9kCzaYma1E,미북이,631,673,622,False,False,True,False
a37af09b-ecb8-3664-9453-cf2b0138dd6e,RANKED_SOLO_5x5,GRANDMASTER,I,gGBrgbGrwbvkx_dECcCCPZ-Y_CkzihcK-m6UKFc93PdbIorF2lGuSqKOoA,wu shi fa sheng,631,377,312,False,False,False,False
a37af09b-ecb8-3664-9453-cf2b0138dd6e,RANKED_SOLO_5x5,GRANDMASTER,I,qfYe9y4MiSvcK3oigs9i5QeuM4PekNvNbT9-O6fYJqD-SeFgQt5HDnFg-A,kwqejksad,628,918,852,False,False,False,False
a37af09b-ecb8-3664-9453-cf2b0138dd6e,RANKED_SOLO_5x5,GRANDMASTER,I,9ByCBB3a2YnvBWaYhYdfX7RkywIdwuBcYMkkcD5Gi198kpg,Purpo지니,628,353,309,False,False,False,True
a37af09b-ecb8-3664-9453-cf2b0138dd6e,RANKED_SOLO_5x5,GRANDMASTER,I,HTrGcDxpnA5709SbwoNy9bQJ4_-KbXSjvfwc6V5bEWKz-qk,Rumor22,627,363,323,False,False,True,False
a37af09b-ecb8-3664-9453-cf2b0138dd6e,RANKED_SOLO_5x5,GRANDMASTER,I,3MKLe3sXFa8qZOEcFtw-8QaiHmdjwzTHRE8_z17zS6N98niQOfoNdwhf2Q,검색 구글 제드팀,626,86,30,False,False,True,True
a37af09b-ecb8-3664-9453-cf2b0138dd6e,RANKED_SOLO_5x5,GRANDMASTER,I,5XztNqeVj9A47A2IfV33Ig27-fE86c2fzjZRt9RQVMUg_Q9ERCA58nlrgA,hong he wo de,625,673,620,True,False,False,False
a37af09b-ecb8-3664-9453-cf2b0138dd6e,RANKED_SOLO_5x5,GRANDMASTER,I,jucfqD46U8WUKqxv2JRVsoKnQTs-YYgfKY9wDWwyYPSHCKc,박치기공룡입니다,625,445,383,False,False,False,False
a37af09b-ecb8-3664-9453-cf2b0138dd6e,RANKED_SOLO_5x5,GRANDMASTER,I,8rpwlixhBx9T1jw_Lj677VKgHyWVH66bgUo7S9K-kvwPh78,FATE,625,392,348,True,False,False,False
a37af09b-ecb8-3664-9453-cf2b0138dd6e,RANKED_SOLO_5x5,GRANDMASTER,I,tKPxhZCWPYsFpyxugtQTo4P50EISwAirGX01cl1nvL8fNU4,미소녀우진,625,294,194,True,False,False,True
a37af09b-ecb8-3664-9453-cf2b0138dd6e,RANKED_SOLO_5x5,GRANDMASTER,I,Hn9pPhwyQCrUtv9EIYDT6BLcuEFQ5MfEa3ArFTjdD3IpHWg,4 10 UP,623,425,380,True,False,False,False
a37af09b-ecb8-3664-9453-cf2b0138dd6e,RANKED_SOLO_5x5,GRANDMASTER,I,7MFPnStYU6pK2JnXB9U-csW-7V7riDCtbN0_KoRJVx1ejRM,Gen G Lonely,622,512,477,False,False,True,False
a37af09b-ecb8-3664-9453-cf2b0138dd6e,RANKED_SOLO_5x5,GRANDMASTER,I,633NJaxzAld9kU7FpRivWRO6givVjqpKTgthC6eLdieb8Y69CGwcsrs87A,calmdowncalmdown,621,727,667,False,False,True,False
a37af09b-ecb8-3664-9453-cf2b0138dd6e,RANKED_SOLO_5x5,GRANDMASTER,I,kNfOSmv8yMaVAID-zpiI91xcax7eFXLKwuGV4s56gpht9w,상민냥이,619,552,511,False,False,True,False
a37af09b-ecb8-3664-9453-cf2b0138dd6e,RANKED_SOLO_5x5,GRANDMASTER,I,6JL9_CkBye7dcNbDWYyklS-tVfnzZQUYk6ZZHMLndiULaHs,Innocent crown,619,367,335,False,False,False,False
a37af09b-ecb8-3664-9453-cf2b0138dd6e,RANKED_SOLO_5x5,GRANDMASTER,I,GlMerYyKTRqRd25ZgHeFlDpbK3AWEPJ2yusNSxVPidyLEjY,Shaco93,618,455,415,False,False,True,False
a37af09b-ecb8-3664-9453-cf2b0138dd6e,RANKED_SOLO_5x5,GRANDMASTER,I,89P55aPi_g9D35gaFa0xdIKN_zG4cTmuRyYBiOYPvDAZO8k,율천고 최현우,617,328,282,False,False,False,False
a37af09b-ecb8-3664-9453-cf2b0138dd6e,RANKED_SOLO_5x5,GRANDMASTER,I,O4ECQMGTW3BT22QUpq4cs3dsrso5o_4n4aJ4a2l2Gq0nLFTEF3o3IYLw0Q,혹시 어디사세요,617,233,167,False,False,False,False
a37af09b-ecb8-3664-9453-cf2b0138dd6e,RANKED_SOLO_5x5,GRANDMASTER,I,ux3zt0zWfdZCU-rdqjUrF1FwTPkeqGUmOSzY-8zNMu8eX44,The OST,616,888,857,True,False,False,False
a37af09b-ecb8-3664-9453-cf2b0138dd6e,RANKED_SOLO_5x5,GRANDMASTER,I,5iUDZ5KRMRyB88naeZPl1UE-RI-NzdmIx6MvqfjYUqzkTmBeFIc4lGqXKA,Gengarnold,616,556,514,True,False,False,False
a37af09b-ecb8-3664-9453-cf2b0138dd6e,RANKED_SOLO_5x5,GRANDMASTER,I,XvyJV0TjWXFmZJ_US4jNb09ugXzG14ZeIyNo7jyH5bTyxpte8UxZiR_Leg,sao ma do duoc,613,990,931,True,False,False,False
a37af09b-ecb8-3664-9453-cf2b0138dd6e,RANKED_SOLO_5x5,GRANDMASTER,I,xyl_DUVjrkxE70AbXXtuIy_KSKFxP621DDtCfDwCMucKTvY,향 깃,613,479,430,True,False,False,False
a37af09b-ecb8-3664-9453-cf2b0138dd6e,RANKED_SOLO_5x5,GRANDMASTER,I,OY_D9qHdwuo5YUpLMNq2PW0aGsx3Z8ZlytSuyqSlppmtEpM,impupupu,613,438,391,False,False,False,False
a37af09b-ecb8-3664-9453-cf2b0138dd6e,RANKED_SOLO_5x5,GRANDMASTER,I,oYr-9eBthr-VhDBRVFEXNux-zoXOXrUwxVBeECdHTlJxf1k,베인장인요맨,613,349,317,False,False,False,False
a37af09b-ecb8-3664-9453-cf2b0138dd6e,RANKED_SOLO_5x5,GRANDMASTER,I,5rf92Yti1UzMZUaiVyLVqHQR5TIebx5eXBx8emioRT_RVVGc,04년생 원숭이띠,613,239,195,True,False,False,False
a37af09b-ecb8-3664-9453-cf2b0138dd6e,RANKED_SOLO_5x5,GRANDMASTER,I,lc1G38XqxtQqNzDPnRRHkwir69q5W9rR6MEfwB8gcRyMwTNw,갱값하는미드,612,927,876,True,False,False,False
a37af09b-ecb8-3664-9453-cf2b0138dd6e,RANKED_SOLO_5x5,GRANDMASTER,I,0QEO5nv2bf3IBv2S5Yr5G3Rq0CsKmYZDOMrTzuOCN2Gf3ZU,사랑해 손예지,612,184,146,False,False,False,True
a37af09b-ecb8-3664-9453-cf2b0138dd6e,RANKED_SOLO_5x5,GRANDMASTER,I,6cdgAvKncT_KUPBKsbVxZXO_-zXk1psW1MuU5s2NOCzfUgQ,QmwmQ,611,353,310,False,False,False,False
a37af09b-ecb8-3664-9453-cf2b0138dd6e,RANKED_SOLO_5x5,GRANDMASTER,I,BqcnCxNDQT3TGYfiLn2h9anx9C46MRmrjD1UBvvoXlC6TQ,PA2CO,610,395,358,True,False,False,False
a37af09b-ecb8-3664-9453-cf2b0138dd6e,RANKED_SOLO_5x5,GRANDMASTER,I,_GNcg2y6PAP0ectID391apD_e-7P7026nE59am2PkbSxzFFWXmYVOhMOZA,Jzzcjmzh,610,279,237,False,False,False,False
a37af09b-ecb8-3664-9453-cf2b0138dd6e,RANKED_SOLO_5x5,GRANDMASTER,I,zBnUhRJf1VVlYpFtyLdJZkp2DQlzLccNRbL_Z8PHyRkUMec,카페인금단현상,609,205,171,False,False,False,False
a37af09b-ecb8-3664-9453-cf2b0138dd6e,RANKED_SOLO_5x5,GRANDMASTER,I,k3oIhGFjgxLUP_CrQ8h82hhXTFrYmVQG5pH5PyZJwSXSi7tKsMWSHQdGvw,Lee weon bin,608,297,230,False,False,False,True
a37af09b-ecb8-3664-9453-cf2b0138dd6e,RANKED_SOLO_5x5,GRANDMASTER,I,wyc3v-AWDlydjUSRDjCQ16i9RRs5yuGunVi4VNYeouFh3LQ,만 필,607,494,452,False,False,False,False
a37af09b-ecb8-3664-9453-cf2b0138dd6e,RANKED_SOLO_5x5,GRANDMASTER,I,S42krijuOGFH2AikS_JOkyebq65vEwJq8XCexssUwhSe9SbHmF8qCOwIOw,xiangchuyi,607,252,194,True,False,False,False
a37af09b-ecb8-3664-9453-cf2b0138dd6e,RANKED_SOLO_5x5,GRANDMASTER,I,IjQfHOIXzI4XwSXhQUW7tA-ft8eyNyHumRLsbnebqfzp-t19gJiQTpbz2w,Thomaskl,607,193,139,True,False,False,True
a37af09b-ecb8-3664-9453-cf2b0138dd6e,RANKED_SOLO_5x5,GRANDMASTER,I,onADfxl8uyG1iS3gGHLtwAg4hiJ0OwWbTaq3IYpHoJJ6p_g,오직데이지만믿음,606,248,214,True,False,False,False
a37af09b-ecb8-3664-9453-cf2b0138dd6e,RANKED_SOLO_5x5,GRANDMASTER,I,uR8yIGmG46b3r6bXwGVfjK701E4-Tg0x7GtU2MHOP6Wy0aU,liangziyu,605,790,752,True,False,False,False
a37af09b-ecb8-3664-9453-cf2b0138dd6e,RANKED_SOLO_5x5,GRANDMASTER,I,O9q7qvXFEsLQO4RSYP188Rx3XXSFUDfVk5k2TiyZ87VXQnU,전설이 될 남자,604,1478,1440,False,False,True,False
a37af09b-ecb8-3664-9453-cf2b0138dd6e,RANKED_SOLO_5x5,GRANDMASTER,I,ITQ4kZDer2MSyNPWKvxOy2mbg1uyGNgZG4RIZmQP_Z5UGanSBO6Wa-tdiA,FA Azhi,604,769,722,False,False,False,False
a37af09b-ecb8-3664-9453-cf2b0138dd6e,RANKED_SOLO_5x5,GRANDMASTER,I,RsRDAmCUZG7QnQfrLog0cLZxpdRdLxDru_UFGOiquy1n_G0,CIozerr,604,619,582,True,False,False,False
a37af09b-ecb8-3664-9453-cf2b0138dd6e,RANKED_SOLO_5x5,GRANDMASTER,I,qMCvMuYSy6HTSElzbYpXdfzNWN2o_wr8TbLUF0q0EG53WtU,1998zhg,603,243,183,False,False,False,False
a37af09b-ecb8-3664-9453-cf2b0138dd6e,RANKED_SOLO_5x5,GRANDMASTER,I,KJqE1mRqAZwAbwweBNk0Ax3NQgxnCSmGv9hKoggMVAXoLag,내가제일잘못했다,603,220,185,False,False,False,False
a37af09b-ecb8-3664-9453-cf2b0138dd6e,RANKED_SOLO_5x5,GRANDMASTER,I,PWmpvFQg4Ez0hVztmUf7M7cl2EuEBkQKd27AnAqhGkDZLQ,pilotl0l,603,169,126,False,False,True,False
a37af09b-ecb8-3664-9453-cf2b0138dd6e,RANKED_SOLO_5x5,GRANDMASTER,I,4jxUkXNvJsijq1Kd7n3pZ-lUnbQmxNrB6q799ONZryNGaa8,tnedifnoc syawla,603,168,108,False,False,True,True
a37af09b-ecb8-3664-9453-cf2b0138dd6e,RANKED_SOLO_5x5,GRANDMASTER,I,YamezBnlB4fjqLd2SuPuGBbnr3wmCkWKQhZ0IapQ6igFX0M,DoRun,602,587,555,True,False,False,False
a37af09b-ecb8-3664-9453-cf2b0138dd6e,RANKED_SOLO_5x5,GRANDMASTER,I,y0WGb8XvFqKvH_R3LbtJgdGNsf_ENq7LScveuMzvvCuRPaPxn7NSNnk0Eg,im surfer,602,489,440,False,False,False,False
a37af09b-ecb8-3664-9453-cf2b0138dd6e,RANKED_SOLO_5x5,GRANDMASTER,I,JZJ2OYz4sihrRE_h6jOyRb72E5CLy0o_w75nzFvcYZ7GClmj,love beijixing,601,602,550,False,False,True,False
a37af09b-ecb8-3664-9453-cf2b0138dd6e,RANKED_SOLO_5x5,GRANDMASTER,I,0nBr4UE_vsZyQqslfErAaJinaCiu0rZfhyyJXyu3A6uw2JIDl_FJCc2QGg,confidenter1,601,364,303,True,False,False,False
a37af09b-ecb8-3664-9453-cf2b0138dd6e,RANKED_SOLO_5x5,GRANDMASTER,I,DJgnUX2KP_g-BMpBTj-Y_iLe67AB746pgvNOfuHdJejKJHJu739pDBancg,LSB Prince,601,265,211,True,False,False,False
a37af09b-ecb8-3664-9453-cf2b0138dd6e,RANKED_SOLO_5x5,GRANDMASTER,I,phpwlRkaSgXPxQws96oMoKckwmDSxE2P0TgLeoaS6VH6B4M,Ottogl,600,568,510,False,False,False,False
a37af09b-ecb8-3664-9453-cf2b0138dd6e,RANKED_SOLO_5x5,GRANDMASTER,I,moUyUVIK182Uo1t9Hl9V5Mi_i3P76w8GlnVE-cIbUmzXtRE,Kedaya0o0,597,858,822,True,False,False,False
a37af09b-ecb8-3664-9453-cf2b0138dd6e,RANKED_SOLO_5x5,GRANDMASTER,I,iCpRkoPyjN-ZbHVB9BYAGREwflxhSFPdyDH3MY5E6DYoUn0,그릴후랑크,597,556,493,True,False,False,False
a37af09b-ecb8-3664-9453-cf2b0138dd6e,RANKED_SOLO_5x5,GRANDMASTER,I,pNHqbt57VVoD4obqTl_Em3n0pDFG3JPEb2CNwy0aaP2RaTw,Roach,597,254,220,False,False,False,False
a37af09b-ecb8-3664-9453-cf2b0138dd6e,RANKED_SOLO_5x5,GRANDMASTER,I,b-r7M3jnaLg7u9HLsXaEqNNG4dc2bcLJs0xvy7cqoVugpJk,all my days,596,155,122,True,False,False,True
a37af09b-ecb8-3664-9453-cf2b0138dd6e,RANKED_SOLO_5x5,GRANDMASTER,I,nYi51oVD1AAI8d_uVd4myKQMvJZM2oCRoqVvyQhOoLKQW7BNqj6tscwNzA,viperyusi,595,552,511,False,False,False,False
a37af09b-ecb8-3664-9453-cf2b0138dd6e,RANKED_SOLO_5x5,GRANDMASTER,I,LNgLE3NFlM-ChdAlyG5lTvdJB-BV6niKPXZuUKanAgX8U30,7777케이,594,1105,1079,True,False,False,False
a37af09b-ecb8-3664-9453-cf2b0138dd6e,RANKED_SOLO_5x5,GRANDMASTER,I,pok41uEv0tsb928Efml8WizWm3x6Fbr6vHStjHV2CVxncVc,l see you,592,371,322,True,False,False,False
a37af09b-ecb8-3664-9453-cf2b0138dd6e,RANKED_SOLO_5x5,GRANDMASTER,I,qIT3Lfdby2GKYGzz38jcDt-8nsk8zZ7tAuJFQwUSM1nfm7Y,Ellyyy,591,904,858,True,False,False,False
a37af09b-ecb8-3664-9453-cf2b0138dd6e,RANKED_SOLO_5x5,GRANDMASTER,I,x2eyDabqVHxpksTG4V6Uwx_e4E9IkEoeehNuRwA7e3MpUg,조광희,589,285,242,True,False,False,False
a37af09b-ecb8-3664-9453-cf2b0138dd6e,RANKED_SOLO_5x5,GRANDMASTER,I,7Mesqj617EKXjS_zWa5jf1Nl9O1XHV34ekPauGbQQSKSqQK3SKaClBga4g,godyaos,589,221,142,False,False,True,True
a37af09b-ecb8-3664-9453-cf2b0138dd6e,RANKED_SOLO_5x5,GRANDMASTER,I,SJnGP_-m1jfiRZRWJgOehst3s7r0Ue-CLGycmeHYNW74Gh7M6FRqErMC4A,Rayleighh,589,126,81,False,False,True,False
a37af09b-ecb8-3664-9453-cf2b0138dd6e,RANKED_SOLO_5x5,GRANDMASTER,I,Oc-ZqQV511UTlPle3KW8VIM4Mp381DUQpAkgOYcO08wG0CM,KT R MID,588,961,914,False,False,False,True
a37af09b-ecb8-3664-9453-cf2b0138dd6e,RANKED_SOLO_5x5,GRANDMASTER,I,ay3yoafmcPHtrMbKeIWqqxiRZwRFy6bplsVM4eAXYxLNaaw,HLE Gift1,587,395,353,False,False,False,True
a37af09b-ecb8-3664-9453-cf2b0138dd6e,RANKED_SOLO_5x5,GRANDMASTER,I,qCP4Aq8qx9qkxkgYA2mIJgPIeNgzOPT0AZyqmtMSj-7dY2A,에르피디,586,272,246,True,False,False,False
a37af09b-ecb8-3664-9453-cf2b0138dd6e,RANKED_SOLO_5x5,GRANDMASTER,I,PAH1tv4OufnRUZO5BnNSijSz2W1E1XVJAQVYv-VLss8uxTI,총을 다루는 소녀,585,707,668,False,False,False,False
a37af09b-ecb8-3664-9453-cf2b0138dd6e,RANKED_SOLO_5x5,GRANDMASTER,I,SoI64jzDMZNDf0d2uRGJMgshTHhtbIIiLZz91aLksMelJv0,공부하기시러요,584,409,359,True,False,False,False
a37af09b-ecb8-3664-9453-cf2b0138dd6e,RANKED_SOLO_5x5,GRANDMASTER,I,blg6dk97xuAai-U5Z3MMwhW0bv3Z5viGLSpeOP7mUwcQBm0,Kim Sang Hoon,584,400,374,False,False,False,False
a37af09b-ecb8-3664-9453-cf2b0138dd6e,RANKED_SOLO_5x5,GRANDMASTER,I,1JFCsMVxFGdFw1aOfExtwzEjuqYQptJmNwITT84sVV0kQ2g,NS Yusin,584,257,221,False,False,False,False
a37af09b-ecb8-3664-9453-cf2b0138dd6e,RANKED_SOLO_5x5,GRANDMASTER,I,JS8Q_hhKuQCuPu-XWaGBtHMTkszkYRGY9E6o-THW81MCeuw,HLE Cheoni,583,393,354,False,False,False,False
a37af09b-ecb8-3664-9453-cf2b0138dd6e,RANKED_SOLO_5x5,GRANDMASTER,I,zBhSyShlW1fGnkC12nNRS9Ym8YQd9aEiir3DDlND-MxcLX-TFAs-WQeoiQ,OxiaofangO,582,1224,1167,True,False,False,False
a37af09b-ecb8-3664-9453-cf2b0138dd6e,RANKED_SOLO_5x5,GRANDMASTER,I,xMBwOEiUJdLjV2z2iGfnNXZJTZgCy1uwHDcMcXC_uhll2hs,치쯔스틱,582,359,283,False,False,False,True
a37af09b-ecb8-3664-9453-cf2b0138dd6e,RANKED_SOLO_5x5,GRANDMASTER,I,B8uyXj3mJeNjhu5iAlm55ICTmoVrPu79eHZ7IOLzbpZyKtsOvmd1162CIg,a new beginn1ng,581,699,646,False,False,True,False
a37af09b-ecb8-3664-9453-cf2b0138dd6e,RANKED_SOLO_5x5,GRANDMASTER,I,N_zdvBAv-zzyDtHJOrugtBZf0kaJXanGy3gvtBxCK10DHuvcYRXoHo7PZA,암흑 우주 럭스,581,233,168,False,False,False,False
a37af09b-ecb8-3664-9453-cf2b0138dd6e,RANKED_SOLO_5x5,GRANDMASTER,I,5VRWNPik59ta-f9fYKfk-K0bZj0_ggQR_Fw-yW1BIV_O74M,Youtube 엉덩국곰,581,149,98,False,False,False,True
a37af09b-ecb8-3664-9453-cf2b0138dd6e,RANKED_SOLO_5x5,GRANDMASTER,I,N-lDPiwzYMfCYYh4SNALdfKMc71LdCzRKgQcDNzSH2vPtdo,아프면살기힘들다,580,265,220,False,False,False,False
a37af09b-ecb8-3664-9453-cf2b0138dd6e,RANKED_SOLO_5x5,GRANDMASTER,I,sBxdMdZqIaES9FSxvx5GUscCXInZ_K3cFJ6sNQxBHP8rbf3remilceEbAQ,햄스터쳇바퀴인생,579,525,476,False,False,True,True
a37af09b-ecb8-3664-9453-cf2b0138dd6e,RANKED_SOLO_5x5,GRANDMASTER,I,3l-sMrWUoG_G5AqQdUUcZuTBD5FBtv9b-9DFxTPZKbkG7Ks,현주입니다,578,454,381,False,False,True,True
a37af09b-ecb8-3664-9453-cf2b0138dd6e,RANKED_SOLO_5x5,GRANDMASTER,I,g3YpCAdE6bqHTZVzAk8XdIhM3aWb6wtT4eG3UtksMuXnDMk,너혹시엘소드하니,577,1609,1580,False,False,False,False
a37af09b-ecb8-3664-9453-cf2b0138dd6e,RANKED_SOLO_5x5,GRANDMASTER,I,EyAlMdJK_IU1vyhBznNHzWoAgsYVGg3V3CZvaGPfxwt7-grtitQQxwZ_4g,짜요짜요먹고싶어,577,523,468,True,False,False,True
a37af09b-ecb8-3664-9453-cf2b0138dd6e,RANKED_SOLO_5x5,GRANDMASTER,I,Xm32OoD7dv6n4LfBH3ic4RlKW6KAiwT_WXUaMDcSJEyNLQ,간절한 이현,576,1032,1008,True,False,False,False
a37af09b-ecb8-3664-9453-cf2b0138dd6e,RANKED_SOLO_5x5,GRANDMASTER,I,uIZvddoS-8gL66cIh55VOqqRw7UwAVD4AfMEejVwsXLoULM,BulyStaL,576,152,118,True,False,False,False
a37af09b-ecb8-3664-9453-cf2b0138dd6e,RANKED_SOLO_5x5,GRANDMASTER,I,VOeKB4lh3JOANs9sQI4s2WZ1Ul8LMs1xpZbQcdV71D_EEmPZzaWG8LvgDw,팀탓하지마벌레들,576,80,27,False,False,True,False
a37af09b-ecb8-3664-9453-cf2b0138dd6e,RANKED_SOLO_5x5,GRANDMASTER,I,QRfgGYHvtxxvBCUYHJtbR-V8NC4-GUWU4MFtACQc0g8yZno,i am Decade,575,908,856,False,False,False,False
a37af09b-ecb8-3664-9453-cf2b0138dd6e,RANKED_SOLO_5x5,GRANDMASTER,I,9pyciu6q-3pCNQRAs0JDQwTk7Kw89iukA3a72fVrQOGaVgM,HLE Mask,575,402,364,False,False,False,False
a37af09b-ecb8-3664-9453-cf2b0138dd6e,RANKED_SOLO_5x5,GRANDMASTER,I,tNIBdJahAa0cjWskUe6sg0ZqU7ui1q1iR2Wg7tG8rRrp7AE,hfubVHDVuAWVF ,575,139,89,False,False,False,False
a37af09b-ecb8-3664-9453-cf2b0138dd6e,RANKED_SOLO_5x5,GRANDMASTER,I,w-PzcYGZT8QN0ygliWQD9VCkpnWhI3ET52gBjPiWl6OK-sQ,Mon seul amour,574,603,552,False,False,False,False
a37af09b-ecb8-3664-9453-cf2b0138dd6e,RANKED_SOLO_5x5,GRANDMASTER,I,6axO8UT1nYP_ymossUjlLFxF2EvDe6kSpcsWVpE8kSrtjtflOyniQ11txg,홍상현 암살부대,574,556,480,True,False,False,False
a37af09b-ecb8-3664-9453-cf2b0138dd6e,RANKED_SOLO_5x5,GRANDMASTER,I,oinYzoYDbWlavPxgrX1rUZjHZ6B1nmMXNWnKDUYCWQERmYc,Bvoyy,574,159,100,False,False,False,False
dbb721c8-b8fa-3d0c-9727-bfa4eabefc30,RANKED_SOLO_5x5,MASTER,I,VpqUDv5MAmR5mrGAAdE5_JMLjGtlMJzy9OVcUANXJYPWi12-oMAgDbiACw,pdfgh,435,194,139,False,False,True,False
dbb721c8-b8fa-3d0c-9727-bfa4eabefc30,RANKED_SOLO_5x5,MASTER,I,N3qBppGrpbAJTJkKlLWloA1aoMFFFjcj3sjf-DdD_1PSSvPPFmc6S7fQNA,midd100,427,422,363,True,False,False,True
dbb721c8-b8fa-3d0c-9727-bfa4eabefc30,RANKED_SOLO_5x5,MASTER,I,sHDt1_jJBPkGl7eI7chvvmuBfHNe1nlnfiW4UXk74iu1_L6BohP0Zqo-gQ,bai si yyds,419,275,194,False,False,True,False
dbb721c8-b8fa-3d0c-9727-bfa4eabefc30,RANKED_SOLO_5x5,MASTER,I,IMZfl1ePweHSMPSJJmtXxmonZ5BgmPz-bn_vH9AUa_BKjcFytsGNlAHKuQ,나랑 연애하자04,415,183,144,True,False,False,True
dbb721c8-b8fa-3d0c-9727-bfa4eabefc30,RANKED_SOLO_5x5,MASTER,I,DD8Mhuiwn9zGaOuVkp7DYUDfJZat9tnDPaDr1CKpkMkQX8oyOoe7eZ6IeQ,기차나나나나,412,154,117,False,False,False,True
dbb721c8-b8fa-3d0c-9727-bfa4eabefc30,RANKED_SOLO_5x5,MASTER,I,b0hvGDQW1jvCvgBZFognSz8r-k_RIYneWJL_NHTHtQWMecc,G4MBLEER,410,944,923,False,False,True,False
dbb721c8-b8fa-3d0c-9727-bfa4eabefc30,RANKED_SOLO_5x5,MASTER,I,i6V-VP2xmTvdQ2aE0OC5zHZmV0WI9qxZT89jk3CRvY0JivkTV7TrceQGVA,swing0801,410,202,154,False,False,True,True
dbb721c8-b8fa-3d0c-9727-bfa4eabefc30,RANKED_SOLO_5x5,MASTER,I,iLAG_DS6i4DwYD0_0Me6sy4Y4xsxAOvjapNwZt4nZNeVkWk,렁 래,409,201,141,True,False,False,True
dbb721c8-b8fa-3d0c-9727-bfa4eabefc30,RANKED_SOLO_5x5,MASTER,I,gOCWOXvjig5wKo91engQC2nDY2-TWzevuDuBRO80gtDySrs,밥먹고 잠자,408,452,424,False,False,False,True
dbb721c8-b8fa-3d0c-9727-bfa4eabefc30,RANKED_SOLO_5x5,MASTER,I,fhIHtEv-XHZjIKiK6iLT2mV4_MZBeAGgjGheFLbf2s5JhwM,이케시아식,408,169,144,False,False,True,False
dbb721c8-b8fa-3d0c-9727-bfa4eabefc30,RANKED_SOLO_5x5,MASTER,I,JlJP0z3FntzTbTPj0-N2ac4Zp8AXkMw6CkEQBv9-LKdzyqM, youwillsucceed,407,562,517,False,False,True,False
dbb721c8-b8fa-3d0c-9727-bfa4eabefc30,RANKED_SOLO_5x5,MASTER,I,WNozzsTy4X6kIBh7MK0mk-nsUvt_qQ03-Lu5G0Rxr00bfG8,피자스쿨만먹어요,405,234,201,True,False,False,True
dbb721c8-b8fa-3d0c-9727-bfa4eabefc30,RANKED_SOLO_5x5,MASTER,I,t6OYxPkHM4xKI4Qhza1y7TCvhWpl_9F2MZMCVMAjXcH3QzM,EyaD,403,445,412,True,False,False,False
dbb721c8-b8fa-3d0c-9727-bfa4eabefc30,RANKED_SOLO_5x5,MASTER,I,pq1fujTwjxmpOWrGpVQdpZD6BTUq1bYDXRFDj91jxpENMm4,목베개도마뱀,401,357,250,True,False,False,True
dbb721c8-b8fa-3d0c-9727-bfa4eabefc30,RANKED_SOLO_5x5,MASTER,I,teShIcrOf6g38v9tVqnxFVdY6ufazUl1SbrzKLWqqRrl-7A,파워업키트,400,394,367,False,False,False,True
dbb721c8-b8fa-3d0c-9727-bfa4eabefc30,RANKED_SOLO_5x5,MASTER,I,NuuVoLvuhJWzKzeUdbvlHmxJ5sKGT63LmQZbgMbtAIWQU_np,Fiora,399,959,888,False,False,True,False
dbb721c8-b8fa-3d0c-9727-bfa4eabefc30,RANKED_SOLO_5x5,MASTER,I,nd--ErnKhOfhKLPorMCK8B8SFU8ikrubqKg_Y0HA0Yvxxd4,Q shen,399,622,520,False,False,True,False
dbb721c8-b8fa-3d0c-9727-bfa4eabefc30,RANKED_SOLO_5x5,MASTER,I,fsE63MMBLCY-7PLjNQgduT7ruEhD_3JNNvpZN4QLarlYibc,NeverLand,397,701,666,False,False,True,False
dbb721c8-b8fa-3d0c-9727-bfa4eabefc30,RANKED_SOLO_5x5,MASTER,I,haDX74DdSUA5O4Rxk1EFU01rpGy5FCNNVSHfRhjjtyDfbg,llllllllIllllI,395,846,819,False,False,True,True
dbb721c8-b8fa-3d0c-9727-bfa4eabefc30,RANKED_SOLO_5x5,MASTER,I,JBBWZluoFivOb26z3foueucKBS1T-Vz7Nnd_1U-WcFUZLVo,별사탕이좋아요,394,793,772,False,False,False,True
dbb721c8-b8fa-3d0c-9727-bfa4eabefc30,RANKED_SOLO_5x5,MASTER,I,ZDWDNKF-ZHE7GXtWQj2ZPyIMN0NJkHpfDwUkvitr3H61ubA,정현심,393,685,661,False,False,True,True
dbb721c8-b8fa-3d0c-9727-bfa4eabefc30,RANKED_SOLO_5x5,MASTER,I,2Jj7-VDa_XDewYejruV2Ksw4NqxWbK1y3vy3vzPjF8mUUNs,Homura,393,230,196,False,False,True,True
dbb721c8-b8fa-3d0c-9727-bfa4eabefc30,RANKED_SOLO_5x5,MASTER,I,zD6_47b8gxpRhsBzUELb_zeKJHyxzPN6TP5u0key9ROPOw,Tu es m esclave,393,153,122,False,False,False,False
dbb721c8-b8fa-3d0c-9727-bfa4eabefc30,RANKED_SOLO_5x5,MASTER,I,eEszjFOoA3hvVxhKUJeMxxm1iFlH-kNp1sVzIRfzduFl-Sp1pZ5gE8xSPg,02년생 자크,393,87,41,False,False,True,False
dbb721c8-b8fa-3d0c-9727-bfa4eabefc30,RANKED_SOLO_5x5,MASTER,I,AVZuj2mnuPq1xCXwJXOZ0WSBiy9tldM7agSk5D0Iwg9P0vs,가락1,392,360,338,False,False,True,False
dbb721c8-b8fa-3d0c-9727-bfa4eabefc30,RANKED_SOLO_5x5,MASTER,I,QhPPNcSVRcFQGTork1oJyLOwzCtPNcirr7OB3YwML21Y19w,레넥톤 장인,391,745,711,False,False,True,False
dbb721c8-b8fa-3d0c-9727-bfa4eabefc30,RANKED_SOLO_5x5,MASTER,I,x_r86GHVbCSacPYl0PTLTfrnQeTe4tf5oCzrIXAOEqCUNiM,shui di si chuan,391,322,296,False,False,True,False
dbb721c8-b8fa-3d0c-9727-bfa4eabefc30,RANKED_SOLO_5x5,MASTER,I,k77Tb3ws3vxPDEKvyNGXvXgG5agf5bAFO0hKCp1O27bEeoU,렝 가 본 좌,391,153,135,False,False,True,True
dbb721c8-b8fa-3d0c-9727-bfa4eabefc30,RANKED_SOLO_5x5,MASTER,I,uALOt8ao-txm3eoqAUeUDWHviye2xY7IeaCpw6__L5VWW3Z7y7wV42PNvA,Headie,390,1013,982,False,False,True,False
dbb721c8-b8fa-3d0c-9727-bfa4eabefc30,RANKED_SOLO_5x5,MASTER,I,touRyTCFKBvIZWUznSPMtVWvGEnXBT2ssLQQhaVKMdxDnlArPiLpQcLNaA,zxczczxzcxczc,390,553,509,False,False,True,False
dbb721c8-b8fa-3d0c-9727-bfa4eabefc30,RANKED_SOLO_5x5,MASTER,I,HBPqiWcIYOeoAkH8DXSS1LzU2uFaW0fw6-GC_FVbTMluvDc,FA OneZang,389,604,575,False,False,True,False
dbb721c8-b8fa-3d0c-9727-bfa4eabefc30,RANKED_SOLO_5x5,MASTER,I,02flriUSA6C9YOqH_HnLZxVPSxMxouegzWuAfW92bx3yoEc,pzz 1,388,225,193,False,False,True,False
dbb721c8-b8fa-3d0c-9727-bfa4eabefc30,RANKED_SOLO_5x5,MASTER,I,gn3KpsKNOy3eDzIXMqJZOdv5-C17Iz7eU0Q_5O40NvfjIX8,CCRGB,388,196,167,False,False,True,True
dbb721c8-b8fa-3d0c-9727-bfa4eabefc30,RANKED_SOLO_5x5,MASTER,I,ogQF8wfzIp5lcz3ZHcKpRPX1y3OVXLdhVM85_pBrFuVh_FD6IJY-rxNv0w,DK vvv,388,124,88,False,False,True,False
dbb721c8-b8fa-3d0c-9727-bfa4eabefc30,RANKED_SOLO_5x5,MASTER,I,mFw2nSuuJ3oNUhYvrnglTC0az5AR0n1lR7z1cr0em24xpnVmXZwkS_KrrQ,Miren,387,306,236,False,False,True,False
dbb721c8-b8fa-3d0c-9727-bfa4eabefc30,RANKED_SOLO_5x5,MASTER,I,nBIw-vKfHmnoUacyOb1Aoj61mMSjSZKbhIoNYtZOCvOs-3bfmn0OXyXYeQ,shuangmaweiyujie,387,220,185,False,False,True,False
dbb721c8-b8fa-3d0c-9727-bfa4eabefc30,RANKED_SOLO_5x5,MASTER,I,hvOoahk6BjWnd5gL1IWoI7Dss20mVFxn5ekrOTuQ0St7viYuM2U405ICvQ,satanzz,387,167,114,False,False,True,False
dbb721c8-b8fa-3d0c-9727-bfa4eabefc30,RANKED_SOLO_5x5,MASTER,I,nSnfAOZ1DcHVAlF2F2ktSYIQBXJ7wZBVv_n1pJDXtf8_rrA,200731,387,151,114,False,False,False,False
dbb721c8-b8fa-3d0c-9727-bfa4eabefc30,RANKED_SOLO_5x5,MASTER,I,UeqcvBVNJc4L2HCB8WyUDbNdBfhrSiXCgPAfKGbQQ_wr8XU,페미니스트방문영,385,949,921,False,False,False,False
dbb721c8-b8fa-3d0c-9727-bfa4eabefc30,RANKED_SOLO_5x5,MASTER,I,9v4Kg33tEg5Iev24MwzNdCkeiNMQEP--1Mr71Rh-m77VXJ8,임서환의노예은석,385,397,367,True,False,False,False
dbb721c8-b8fa-3d0c-9727-bfa4eabefc30,RANKED_SOLO_5x5,MASTER,I,si4OpARLCHhMADkeUkWq3-7bp7ctojN-AaUE4cVfRLfi6g,실키1,384,462,441,False,False,True,False
dbb721c8-b8fa-3d0c-9727-bfa4eabefc30,RANKED_SOLO_5x5,MASTER,I,J7pkbOJcGs_PhJ5wFFATXKSSFvubROzOArUTEpuNm1X90Q,GALAXYSIS,384,317,287,False,False,False,True
dbb721c8-b8fa-3d0c-9727-bfa4eabefc30,RANKED_SOLO_5x5,MASTER,I,pI_1CShWm_V1VkQSY95DjYVzVkKXX5MhbSp6oK_cPnivLA,짜 룽,384,297,267,False,False,True,False
dbb721c8-b8fa-3d0c-9727-bfa4eabefc30,RANKED_SOLO_5x5,MASTER,I,taJfpXpwmNzKcFswekahYalgxUbx4WeFINdNM516CBDTk_A,오뚜기3분미트볼,384,291,224,False,False,False,False
dbb721c8-b8fa-3d0c-9727-bfa4eabefc30,RANKED_SOLO_5x5,MASTER,I,fK7ALLPifiOygtsFVtPQeYSqAmlAHd1YNSy0H-NR7ebpa3yoNA0pst6Wjg,midtryn topkata1,383,191,157,False,False,True,False
dbb721c8-b8fa-3d0c-9727-bfa4eabefc30,RANKED_SOLO_5x5,MASTER,I,A0_IR-Ez8jMpawRthCn3vt9RTiPOf5238gMJGYj2c6Fz9w,elole,383,168,120,False,False,False,False
dbb721c8-b8fa-3d0c-9727-bfa4eabefc30,RANKED_SOLO_5x5,MASTER,I,vpFGvNiuaPbbJxXX7eSqcqaZ4Mbw55-_aGdxinngf6f37v-ex8yQgKxDnA,늙은 이은성,383,131,85,False,False,True,False
dbb721c8-b8fa-3d0c-9727-bfa4eabefc30,RANKED_SOLO_5x5,MASTER,I,QGPqpKNIDt0qmJuUGm16OVKPBf3iAnnH2b26iSzBWXuZqZw,나는선봉장,382,805,762,False,False,True,False
dbb721c8-b8fa-3d0c-9727-bfa4eabefc30,RANKED_SOLO_5x5,MASTER,I,PJZPDMGqXSfjTGCZfQ1gKEDIdr3h2-kw-zAC4m5cIFlgM3s,하얗고예쁨,382,301,273,False,False,True,False
dbb721c8-b8fa-3d0c-9727-bfa4eabefc30,RANKED_SOLO_5x5,MASTER,I,3gaPhpI_rKRnNjndomY47jZ7Re_EPGYJGBkZ72h5QNOYilxFZ4QPPqZkjg,SHION XIAOTING,382,225,192,False,False,True,False
dbb721c8-b8fa-3d0c-9727-bfa4eabefc30,RANKED_SOLO_5x5,MASTER,I,qThPuLPr3DpbX4TeQZyr2SFQULzRA3esxLNE2nh63FjtS8RuTLmCwyYjdw,민글러민글러,382,133,80,False,False,False,False
dbb721c8-b8fa-3d0c-9727-bfa4eabefc30,RANKED_SOLO_5x5,MASTER,I,0X0Dw3INcaTq9keoUHtZBCwcfWAWMUK0IMbfRdK72RYVVUs,크으리,381,676,626,False,False,True,False
dbb721c8-b8fa-3d0c-9727-bfa4eabefc30,RANKED_SOLO_5x5,MASTER,I,jhKlYd2Drbso-jORRBDAjub8Iuf522s-v3mFkVE-f_XRAMEsmmYPIqdRaw,anyeonghasayoo,381,649,604,True,False,False,False
dbb721c8-b8fa-3d0c-9727-bfa4eabefc30,RANKED_SOLO_5x5,MASTER,I,pPx0vxNN7PFiZ7LaX5xWmY6Q_cXVmliGMxle11I6-Go7gQPPX8SIHv1JbA,Renata zero,381,174,139,False,False,False,False
dbb721c8-b8fa-3d0c-9727-bfa4eabefc30,RANKED_SOLO_5x5,MASTER,I,ba8yA_mcGL1nhaWm3mjcX53kH7CPD5uV_VO-cHvUjMQ5RxCT,노구현,381,171,149,False,False,True,True
dbb721c8-b8fa-3d0c-9727-bfa4eabefc30,RANKED_SOLO_5x5,MASTER,I,1rnqax6nWpXziOMsiWtdR1fAcbGBledfT_FXG-orfnIacAmS,Monker,381,164,125,False,False,True,False
dbb721c8-b8fa-3d0c-9727-bfa4eabefc30,RANKED_SOLO_5x5,MASTER,I,GmrnM3dcZeRHp7QBT1WcFt5VdSHbtOYAZWPeOvq6Du_Ld2Q,Gaojianguo,379,1227,1204,False,False,True,False
dbb721c8-b8fa-3d0c-9727-bfa4eabefc30,RANKED_SOLO_5x5,MASTER,I,bqPO7MGBCHgF2lsMhOGv3LFQT4Fn4PvLbG8vbxXmuasTz5M,See u AG,379,337,273,False,False,True,True
dbb721c8-b8fa-3d0c-9727-bfa4eabefc30,RANKED_SOLO_5x5,MASTER,I,GQjXE3MFP7bEYdB-9dwMzQL5jEnMeIKmuVRoQPWYeBjOLxrCKwWmNNs67Q,furongwang,379,282,245,False,False,False,True
dbb721c8-b8fa-3d0c-9727-bfa4eabefc30,RANKED_SOLO_5x5,MASTER,I,lTJ7BAQ9Nca17cX1XeJ2ixgwrJ4JbT2XjyoSf81uVjbhlTC373xVs10MSA,zhao si ma gun,378,355,320,False,False,True,False
dbb721c8-b8fa-3d0c-9727-bfa4eabefc30,RANKED_SOLO_5x5,MASTER,I,Fc7Lm4lL0i5oAoXiXd2XlbyDk7Rzk8XH9-OhQ6yOnbXXgg,6yt7hbu,378,349,322,False,False,True,False
dbb721c8-b8fa-3d0c-9727-bfa4eabefc30,RANKED_SOLO_5x5,MASTER,I,iKPdcyVRExH4I1dJZDF5Lj56_rakxHctRDO-ehFk0cmRC08eRHbeo3JI5Q,로쓰는도구버스충,378,169,142,False,False,False,True
dbb721c8-b8fa-3d0c-9727-bfa4eabefc30,RANKED_SOLO_5x5,MASTER,I,MFYyECwMliKA01n4PgOrZvsHkXkbiceFtUWSqaR0tyFcOKU,젱 글,377,270,245,False,False,False,False
dbb721c8-b8fa-3d0c-9727-bfa4eabefc30,RANKED_SOLO_5x5,MASTER,I,zDBuCFswuW3qc_0crRK481qSj8TsAlkUtFBVmklhR9IdeV4s,fashion여쟈,376,585,539,False,False,False,False
dbb721c8-b8fa-3d0c-9727-bfa4eabefc30,RANKED_SOLO_5x5,MASTER,I,VP7msLB9gwlhfqTZFBgX_-WpfWL1XGDtJ65sjkRVnN2YAHM,증오 혐오 상오,376,489,421,False,False,False,False
dbb721c8-b8fa-3d0c-9727-bfa4eabefc30,RANKED_SOLO_5x5,MASTER,I,WyPrCf4VKyGgHn3gzJqBHSb216NrORlW_e6s3bEfgAMQ09c,백색말처럼,375,779,754,False,False,True,False
dbb721c8-b8fa-3d0c-9727-bfa4eabefc30,RANKED_SOLO_5x5,MASTER,I,GPPkfpKigpOp9RIWlQBJ435rgAd4m8xDwt0ojRD1jOiHiTO6r_kcIRB0LA,식혜커플존버 ,375,538,510,False,False,False,False
dbb721c8-b8fa-3d0c-9727-bfa4eabefc30,RANKED_SOLO_5x5,MASTER,I,W0M4dWkX9URe5Kmhr8df5iKkyMZC4BDr_w8wuN8Q1-rKgpg,heewon,374,130,94,False,False,True,False
dbb721c8-b8fa-3d0c-9727-bfa4eabefc30,RANKED_SOLO_5x5,MASTER,I,Fai9LGkYC0_EkjLxDHErfHVMeypX92Z8DfliQ6tcAhZdXGs,aespa,374,64,30,False,False,False,False
dbb721c8-b8fa-3d0c-9727-bfa4eabefc30,RANKED_SOLO_5x5,MASTER,I,kMvbZ3IgQpMCx-RRzClD8CTRJkQPmqShiZSH4H3yTWEY-iU,asdzxclwqdp,373,286,269,False,False,False,False
dbb721c8-b8fa-3d0c-9727-bfa4eabefc30,RANKED_SOLO_5x5,MASTER,I,XO9m0XimvmwDOhDGvJxDDVMMlVljMFq8KiMp6P7NcNzrL4f1WRJLNDFaXw,haoyunba0bel,373,87,38,False,False,False,True
dbb721c8-b8fa-3d0c-9727-bfa4eabefc30,RANKED_SOLO_5x5,MASTER,I,ZvgO5J2o4Ovmhm5vhRShItI8aLLlmK0kPoYgeRnfFiDu1f0spncEtmLNIg,Arshunnnn,372,529,483,True,False,False,False
dbb721c8-b8fa-3d0c-9727-bfa4eabefc30,RANKED_SOLO_5x5,MASTER,I,EPRBaWd_uuLJ2P1AYFe1o9k6fRSPv6zfhJondiRebYWezw02He4tvN_wLw,오직승리만생각,372,477,434,False,False,True,False
dbb721c8-b8fa-3d0c-9727-bfa4eabefc30,RANKED_SOLO_5x5,MASTER,I,-hQvfzyFni-BAYzjyA7t1c-Uclr3cDFidXHW7sAePR6dNfw5lAhDM_XK_A,돌그자체,372,185,137,True,False,False,False
dbb721c8-b8fa-3d0c-9727-bfa4eabefc30,RANKED_SOLO_5x5,MASTER,I,zp9KsVdwoJpb_Q5l8Dvp0QI66wOCtzicXECAYMAApqZVgWI,level,371,166,139,False,False,True,False
dbb721c8-b8fa-3d0c-9727-bfa4eabefc30,RANKED_SOLO_5x5,MASTER,I,gjyCHaYs29wC7qF10RIYp3BCw-8bZluwJWUJqWsOqdmy3OIP,good team,370,290,262,False,False,True,False
dbb721c8-b8fa-3d0c-9727-bfa4eabefc30,RANKED_SOLO_5x5,MASTER,I,mWXggfk_qYJmQrnJJkb0xWKWC7Ijks6wsVCN58mwhSXaL7E,치클릿,370,265,232,True,False,False,False
dbb721c8-b8fa-3d0c-9727-bfa4eabefc30,RANKED_SOLO_5x5,MASTER,I,zCA9oyErXzOVLEVaigDCQVh2LsqiHeT5sClUKLDlJY4ZIQ,no open cna win,370,263,230,False,False,False,False
dbb721c8-b8fa-3d0c-9727-bfa4eabefc30,RANKED_SOLO_5x5,MASTER,I,d51a6JMG2-vNuKWTngyZ1HJdvVFE6_M2C3dDDvLA6z99Fa0,10센치 fan,370,159,122,False,False,False,True
dbb721c8-b8fa-3d0c-9727-bfa4eabefc30,RANKED_SOLO_5x5,MASTER,I,DCXy50k0-gqUp-ZnVKnsx3ZG_4xbrCSk5aWQr553unyzqp8,달콩지니,369,89,59,False,False,False,False
dbb721c8-b8fa-3d0c-9727-bfa4eabefc30,RANKED_SOLO_5x5,MASTER,I,XbMXBQAn0iAw0xlmt3iT4cWaBx7JW0cEkrezD2u8KABxJG8,3donghezecaoxian,368,585,550,False,False,True,False
dbb721c8-b8fa-3d0c-9727-bfa4eabefc30,RANKED_SOLO_5x5,MASTER,I,wzNSof1ONziRFHfJcv_rGxvywVRESitvGV5oFQT26jhj6Jo,뱀의 머리1,368,393,363,True,False,False,True
dbb721c8-b8fa-3d0c-9727-bfa4eabefc30,RANKED_SOLO_5x5,MASTER,I,hVaei2Y5_XoT2g87tamv3I_H7aeaCCU8b3QlIvpKwN-ISg,크으으윽,368,354,324,False,False,False,True
dbb721c8-b8fa-3d0c-9727-bfa4eabefc30,RANKED_SOLO_5x5,MASTER,I,CAlamtKaap3XwjS1NOp4c3hFZPTH3WNBewwbfM8J67aqmqt39apLfmrnkQ,나도 질퍽이,367,352,315,False,False,True,False
dbb721c8-b8fa-3d0c-9727-bfa4eabefc30,RANKED_SOLO_5x5,MASTER,I,1xr6WiSFiU0YUAmzD4TOAK_rFAwQTIgBtjteaMi56e4PA0Kf8xefOshEiQ,Kill My Young1,367,303,268,False,False,True,False
dbb721c8-b8fa-3d0c-9727-bfa4eabefc30,RANKED_SOLO_5x5,MASTER,I,W3vUdLgHQoUcZBxgFOOxSpKoAsHiVkleOFgQi44Jmz1kRoU,01 10 12,366,145,84,True,False,False,True
dbb721c8-b8fa-3d0c-9727-bfa4eabefc30,RANKED_SOLO_5x5,MASTER,I,9YNT0l-_Qf5BNjObnO-IMoNWQ5z9TuZkc0JaZjTRXQddSg,강혜원 fan,365,593,537,False,False,True,False
dbb721c8-b8fa-3d0c-9727-bfa4eabefc30,RANKED_SOLO_5x5,MASTER,I,cX0_nxVjwwnXTpSUnAxY-0vBaDiioTrTrWyddV6QH6iUWw,서창훈,365,409,376,False,False,True,False
dbb721c8-b8fa-3d0c-9727-bfa4eabefc30,RANKED_SOLO_5x5,MASTER,I,6FWdtgc_uqoldSo7d7S6jtAMeqrE7rrlwrlHC4PXVHlCt7o7qBT_mkWm9w,벌꿀오솔,365,151,123,False,False,True,False
dbb721c8-b8fa-3d0c-9727-bfa4eabefc30,RANKED_SOLO_5x5,MASTER,I,dGMWL2g0vF3zVxmiSSpY18iXYDmhi1OyR71w-1hh87l_A4kVZNVRd7WL1w,sornnnnn,364,863,837,False,False,True,False
dbb721c8-b8fa-3d0c-9727-bfa4eabefc30,RANKED_SOLO_5x5,MASTER,I,h59DMFEcCX-WqGA7A7L1EsuNdyuwrK7iP7ez8Pvk5VGF_SgRjmIah_J4mg,쌈바 애니비아,364,330,272,False,False,False,True
dbb721c8-b8fa-3d0c-9727-bfa4eabefc30,RANKED_SOLO_5x5,MASTER,I,vN9a0tNKRfuwXmLb-RWfh6SS0SzdzpUj67d7rAY803tCuKI,빌었어,364,174,152,False,False,False,False
dbb721c8-b8fa-3d0c-9727-bfa4eabefc30,RANKED_SOLO_5x5,MASTER,I,--zHLaoAAb02pLiD5FmFdJgStGEEE25wHxMfzAcOeogUfA,Beryl M362,363,454,438,False,False,False,True
dbb721c8-b8fa-3d0c-9727-bfa4eabefc30,RANKED_SOLO_5x5,MASTER,I,3vZq4fve-fG2BZxb7yUrzdG6lheFLV6BMfDteeLsJxTSLIffRbElupLFXQ,Yang Hua,363,426,384,False,False,False,False
dbb721c8-b8fa-3d0c-9727-bfa4eabefc30,RANKED_SOLO_5x5,MASTER,I,nPB9zJ7Rjd9WVgkHUqmJJ2p11f3kdnyYFrFWXJlJqABGLCSkL6V2NosqcQ,2rbals,363,390,336,False,False,True,False
dbb721c8-b8fa-3d0c-9727-bfa4eabefc30,RANKED_SOLO_5x5,MASTER,I,KTxSCbbfBrCqusCh8E5OxccGaaXLmPg8ohrJFfULRk_GXxlGXJ7crEaJFQ,평화로운 행동대장 에그타르트,363,255,205,False,False,False,False
dbb721c8-b8fa-3d0c-9727-bfa4eabefc30,RANKED_SOLO_5x5,MASTER,I,cgP3HJ9LHSbd9IVd0ATJSe9jyhBp59fYMJkrWjvOSEgDAc5424NWSwAjWg,F1rst Step,363,207,172,True,False,False,True
dbb721c8-b8fa-3d0c-9727-bfa4eabefc30,RANKED_SOLO_5x5,MASTER,I,jEG0p6Sm60qYpY-JJhARHXK4MNY1DOOt1FpAePSYAzdpl-o,율 욜,363,137,104,False,False,True,False
dbb721c8-b8fa-3d0c-9727-bfa4eabefc30,RANKED_SOLO_5x5,MASTER,I,Qj01qO7wGix8SFfySUbiYhBKS8Q8nKg7hcufsMI5Tvlx4Lk,설 딩,362,288,255,False,False,False,True
dbb721c8-b8fa-3d0c-9727-bfa4eabefc30,RANKED_SOLO_5x5,MASTER,I,_yJT9up-pb2zScxx_eH8MaKCUZ9m3-1mBjdR691w75lb4DE,H Agent,361,878,832,True,False,False,False
dbb721c8-b8fa-3d0c-9727-bfa4eabefc30,RANKED_SOLO_5x5,MASTER,I,Fz8zJVphQElhylWoMfRMQmCC71QFyamGlLz6sWkO-DKH9kHgAlYvKYmy3A,Danrenguiiiiiii,361,714,655,True,False,False,False
dbb721c8-b8fa-3d0c-9727-bfa4eabefc30,RANKED_SOLO_5x5,MASTER,I,zf-_o6GgvZpBfsIx14CA8lhSBPVMBrK_F4Y4B0DQpvKaas3n7mt2U3QpNQ,TWG Kimchi,361,296,265,False,False,True,False
dbb721c8-b8fa-3d0c-9727-bfa4eabefc30,RANKED_SOLO_5x5,MASTER,I,WS8POl4NdhzqhHgocO9sqzOYlpQIJAm5OtZo4ZcnAhLCKoA,EDBDE,360,267,242,False,False,False,True
dbb721c8-b8fa-3d0c-9727-bfa4eabefc30,RANKED_SOLO_5x5,MASTER,I,_SCxWZLAk3u3nXMc2E5xBmHGlRJoMsAx4DCw0Al5TNKa3g,죠 팡,360,220,188,False,False,False,False
dbb721c8-b8fa-3d0c-9727-bfa4eabefc30,RANKED_SOLO_5x5,MASTER,I,6HwJmnsU_tf-yHKhSiLnVOd9e98mawxWTdPy_vGv3YV-rcw,AFTV 문다오,358,852,826,False,False,True,False
dbb721c8-b8fa-3d0c-9727-bfa4eabefc30,RANKED_SOLO_5x5,MASTER,I,_YkLY5N9ieJEHDcHyxYPk1TfRGt2bckWww-HKJC7N3nPaGC7H4rGniiIsg,c 2 7 c UwU,358,419,383,True,False,False,False
dbb721c8-b8fa-3d0c-9727-bfa4eabefc30,RANKED_SOLO_5x5,MASTER,I,xJku5-Jn-qYndp0R37SwfXeUO6laW75btv-gl7zcatNxQpiEu6bVMx6QLw,EDGzhao888765,358,134,100,False,False,False,False
dbb721c8-b8fa-3d0c-9727-bfa4eabefc30,RANKED_SOLO_5x5,MASTER,I,4UGZPaztl-ibAHLg7fLybOk5Y471UV5AiufE71lLl_bKF3U,TUTTUTTUTTUTTUTT,357,478,442,False,False,False,False
dbb721c8-b8fa-3d0c-9727-bfa4eabefc30,RANKED_SOLO_5x5,MASTER,I,sDKryWg5N-vFwop36HJn77w944f_MgsS6Ar8mH5ehUAnI6oT5_ivtS8-Yg,역시 핑핑,357,329,277,False,False,True,False
dbb721c8-b8fa-3d0c-9727-bfa4eabefc30,RANKED_SOLO_5x5,MASTER,I,aUAqYl2rZCRisY5uwfMWlCrv82J1l2LvrAx2JD_wNq8QjE6vyKy7ADgq7g,wushugexingcheng,357,223,175,False,False,True,False
dbb721c8-b8fa-3d0c-9727-bfa4eabefc30,RANKED_SOLO_5x5,MASTER,I,KdRyGAdXKSf7cWDuHB1dWpbF2-HDuFacFuaVw4a9WaFqKpuJOUef070_EA,wojuedexing,356,376,323,True,False,False,False
dbb721c8-b8fa-3d0c-9727-bfa4eabefc30,RANKED_SOLO_5x5,MASTER,I,xouaumGIMyawE0rCk53yUxP4pjyX1McyYCRIojiOFdVAF-N7,김병준수,356,364,341,False,False,False,False
dbb721c8-b8fa-3d0c-9727-bfa4eabefc30,RANKED_SOLO_5x5,MASTER,I,5N-6-SkK9bIVgaAgULE-0d0dVCyDIPVi9ylSDYa2G6KZ3mGa,딸기바나나소프트,355,2095,2073,False,False,False,True
dbb721c8-b8fa-3d0c-9727-bfa4eabefc30,RANKED_SOLO_5x5,MASTER,I,J7RGQ79G29mVkDTT4K0YluzGlk4qkVdej27J-0xYSQPwewbzvrDEVMRGEA,No1sad,355,1071,1028,False,False,True,False
dbb721c8-b8fa-3d0c-9727-bfa4eabefc30,RANKED_SOLO_5x5,MASTER,I,WIXKMRrSejpNqp9WTFproTfviu09_eUziFjfu6dXk0J8X8o,찌니부기,355,771,704,False,False,False,False
dbb721c8-b8fa-3d0c-9727-bfa4eabefc30,RANKED_SOLO_5x5,MASTER,I,Gw3-5gWQlESs9GKnaTVW9Pci_p-8lIJre3rs1z8SKq29iSA,충주갱수,355,490,470,True,False,False,False
dbb721c8-b8fa-3d0c-9727-bfa4eabefc30,RANKED_SOLO_5x5,MASTER,I,Jdjg7shmigKOd54yd9ATnOd0slUEviEok6lWFLv248XKbw,IilIIiIiIliIliIi,355,338,312,False,False,False,False
dbb721c8-b8fa-3d0c-9727-bfa4eabefc30,RANKED_SOLO_5x5,MASTER,I,Gp1JaHY3pUxgzbktMNI2x7qyx3VhePSAXEeVIjt61fovqLV8mDoV_C706A,11111313344,354,593,546,False,False,False,False
dbb721c8-b8fa-3d0c-9727-bfa4eabefc30,RANKED_SOLO_5x5,MASTER,I,t_D4GpSBBs6RRtVrNBC4OMSJVOOw4Ga6a2J59kG3a7fdPPo,종 례,354,197,162,False,False,False,False
dbb721c8-b8fa-3d0c-9727-bfa4eabefc30,RANKED_SOLO_5x5,MASTER,I,j4j4C0Of1j3D28Mi32eGYii1eZJFVs347P0ruBFLmjKpSBA,Chengnianren,353,1140,1113,False,False,True,False
dbb721c8-b8fa-3d0c-9727-bfa4eabefc30,RANKED_SOLO_5x5,MASTER,I,6Uv5SYACGHVwcfzpc1eD2wY_KOHqpRBBrl6kIIiuoo4IjtfN_ABaSNbKeQ,Fix u xxx,353,737,685,False,False,True,False
dbb721c8-b8fa-3d0c-9727-bfa4eabefc30,RANKED_SOLO_5x5,MASTER,I,pYw5kvLdI1kLsi0XY-vhh0Z02o0ynJVZJzc5lJz1ZyLiRS4,love Rem,353,447,408,False,False,False,False
dbb721c8-b8fa-3d0c-9727-bfa4eabefc30,RANKED_SOLO_5x5,MASTER,I,ucMJ-28Z7ZNRWXdbaY_J3PpPf719fHb3yMoCrt3gWw6XmCdIGJ3kOs7bHQ,그래서니티어뭐임,353,137,112,False,False,True,False
dbb721c8-b8fa-3d0c-9727-bfa4eabefc30,RANKED_SOLO_5x5,MASTER,I,npROcWSxNkR_OXNPyHufKhTWb8mIyaS_F-eIYXYOaRBenAo,Star Supernova,352,605,567,False,False,True,False
dbb721c8-b8fa-3d0c-9727-bfa4eabefc30,RANKED_SOLO_5x5,MASTER,I,sygaJShTyp8OUnFyvQT1D0xbsxpsFFE0rtsq5syluCDPbpE,아가 미니,352,447,409,False,False,True,False
dbb721c8-b8fa-3d0c-9727-bfa4eabefc30,RANKED_SOLO_5x5,MASTER,I,EFeVZpGZCcaRR-cC9KdMSrDTz7PBbN1ucfj_7zFfGlv8miV8fTWEfFiPTA,pw q892450640,352,299,227,False,False,True,False
dbb721c8-b8fa-3d0c-9727-bfa4eabefc30,RANKED_SOLO_5x5,MASTER,I,gxazDEZJI0g6QAfQ9ucFTfo9s6GWRQLb4pT_wH3IQ4-gxOs,Son of Spirit,352,133,107,False,False,False,False
dbb721c8-b8fa-3d0c-9727-bfa4eabefc30,RANKED_SOLO_5x5,MASTER,I,JDfojRuvmQ2CQzSg6V1pzymztSe3XoilYYGSbnonjT3UCPNC,래물이,352,95,63,False,False,False,False
dbb721c8-b8fa-3d0c-9727-bfa4eabefc30,RANKED_SOLO_5x5,MASTER,I,NSHKGXNlJOjjoQsl40asrU_vTqHF6fdMsnacQAjw-YeWCzE,입털면 6완두콩,351,690,656,True,False,False,True
dbb721c8-b8fa-3d0c-9727-bfa4eabefc30,RANKED_SOLO_5x5,MASTER,I,XXq01nbJfiJjLuSBMjRYN0JtrFPzGZncYKTdKEcOXfHDiw,우우리,351,222,203,False,False,True,False
dbb721c8-b8fa-3d0c-9727-bfa4eabefc30,RANKED_SOLO_5x5,MASTER,I,OVnCjSJLeHl_SAUQnkgNbyK9CVM4UN0nWyxY6DPrCRlvx6Q,헤 진,350,413,352,True,False,False,False
dbb721c8-b8fa-3d0c-9727-bfa4eabefc30,RANKED_SOLO_5x5,MASTER,I,K870RbM7QH0EO8zJs-e_VKiey0AmE5Qa9QMgHJIJ0GGdDw,Smile JG,350,213,193,False,False,False,False
dbb721c8-b8fa-3d0c-9727-bfa4eabefc30,RANKED_SOLO_5x5,MASTER,I,zb5-fRMQbVr9VL3f9aTsyDFpKisKzj3bLoS-39AGGnqcLQYj,huahuahua,350,198,167,False,False,True,False
dbb721c8-b8fa-3d0c-9727-bfa4eabefc30,RANKED_SOLO_5x5,MASTER,I,HBU2QREG2pLlF5Myn3atAxXaCJN-SjyUwSChDS08DkdjmwYGbijygX33Uw,폭시역군,350,99,61,False,False,True,False
dbb721c8-b8fa-3d0c-9727-bfa4eabefc30,RANKED_SOLO_5x5,MASTER,I,CjF0V2AN64dk7FC3zM0_y-8TUEDYgjz7Qn7s0CEVKI5vmvpK-nI83toQYA,haohaohao3,349,709,688,True,False,False,False
dbb721c8-b8fa-3d0c-9727-bfa4eabefc30,RANKED_SOLO_5x5,MASTER,I,t21SKp1L7G3Kv0rYr1YkXI1oidLCjBhYEFM1dWviYx5T4KXa,skftlfgdjgksp,349,367,339,False,False,False,False
dbb721c8-b8fa-3d0c-9727-bfa4eabefc30,RANKED_SOLO_5x5,MASTER,I,jsOa-RDV5dQpjfm23zwgkkHhit0P4mTH9liaRid9Vn2IPCw,Zhui Xiang,349,280,245,True,False,False,False
dbb721c8-b8fa-3d0c-9727-bfa4eabefc30,RANKED_SOLO_5x5,MASTER,I,BKyFRIcNco_zdTYT9f9gtcqQQTFaAjmzcmpD3orE8Rf-vmw,dont stop mebaby,348,1053,1029,False,False,False,False
dbb721c8-b8fa-3d0c-9727-bfa4eabefc30,RANKED_SOLO_5x5,MASTER,I,uE1dB148CNUtHlnEFZ38FdZgmBXGi1gVvfwpfcnM1sXQkRc,새잎전용노예,348,641,598,False,False,True,False
dbb721c8-b8fa-3d0c-9727-bfa4eabefc30,RANKED_SOLO_5x5,MASTER,I,50NQsRkbAaui2FvDCig5EC8DgRtbdv1-yELHY640Ymj_cQA,잠수빈,348,322,264,False,False,False,False
dbb721c8-b8fa-3d0c-9727-bfa4eabefc30,RANKED_SOLO_5x5,MASTER,I,V-M_xxJPuI91371kC-a4UtrsZMWwc9P3Bv-ZUvHUGHihw2M4lqGC_hGiBw,라인전이기면패배,348,320,265,False,False,True,False
dbb721c8-b8fa-3d0c-9727-bfa4eabefc30,RANKED_SOLO_5x5,MASTER,I,C6H4yUzlYATbmxB5pIQ2Rt3VB-pcwCxcDjyithRsonW7iag0,rocky2,348,251,221,False,False,False,False
dbb721c8-b8fa-3d0c-9727-bfa4eabefc30,RANKED_SOLO_5x5,MASTER,I,UgETrDk2ciA70-pAgW6whNRyZgFYNSPxzzyN2HjDciADH5fE,뀨우우우뀨우우뀨,348,166,107,False,False,False,False
dbb721c8-b8fa-3d0c-9727-bfa4eabefc30,RANKED_SOLO_5x5,MASTER,I,M_u0hn7phGZuFIrGlLz2oEIqoZ1FOFQyDiLVcizmv4ybhFaCQotoUTXS3A,ka ka luo te,347,518,451,False,False,True,False
dbb721c8-b8fa-3d0c-9727-bfa4eabefc30,RANKED_SOLO_5x5,MASTER,I,wFqzWK4XeKM4hvKlYWYedMmG37k9x0QGFD29nAXuy2He4kE,쵸비123,347,293,259,False,False,False,False
dbb721c8-b8fa-3d0c-9727-bfa4eabefc30,RANKED_SOLO_5x5,MASTER,I,dtHEWzBPKnRJT7-W0avZ4KhDpFK8xeoVXeDbDGiYHBt76ws,노량 엄순신,347,155,114,False,False,False,False
dbb721c8-b8fa-3d0c-9727-bfa4eabefc30,RANKED_SOLO_5x5,MASTER,I,gRnLg9vGh9gJuEU_Jc0-dMk99GWzMagcJSzCDJ1RAfSNIvq_I8jfnw194g,kukuking,346,482,434,False,False,False,False
dbb721c8-b8fa-3d0c-9727-bfa4eabefc30,RANKED_SOLO_5x5,MASTER,I,fJOW7MyYmdQW0lBLdMQhUJoDk-PqXJshmaahumr-fsAJCWs,무조건 탑 동선,346,256,229,False,False,False,True
dbb721c8-b8fa-3d0c-9727-bfa4eabefc30,RANKED_SOLO_5x5,MASTER,I,brMilKD_iDOdKc-8h3Urpfe3syp7--rObwM0Xpm380wVihA,adelaid,346,198,162,False,False,True,False
dbb721c8-b8fa-3d0c-9727-bfa4eabefc30,RANKED_SOLO_5x5,MASTER,I,L5icYLFpWjIhkxfuCgrnvhJ3iRWm-6PmMS-QEvc0FVP46zXEhO-B5xwz6g,yiyezhiqiu,345,826,775,False,False,True,False
dbb721c8-b8fa-3d0c-9727-bfa4eabefc30,RANKED_SOLO_5x5,MASTER,I,vnSkRHqm3RT0ejUGxuMxn5rnhu_i8c5WJNnziabktEsnZMg,전 세 종,345,412,384,False,False,True,False
dbb721c8-b8fa-3d0c-9727-bfa4eabefc30,RANKED_SOLO_5x5,MASTER,I,BBF03wRsHc63qHg2cidFnkrB74afvPsgdo0fMpHmJ7dD8ZA,cute white fox,345,352,328,False,False,False,False
dbb721c8-b8fa-3d0c-9727-bfa4eabefc30,RANKED_SOLO_5x5,MASTER,I,fQT6RrlaNrxmOe_-3JcWdyY9o6tXni3zzOfdKtzI4w80VQ,sanzzz,345,210,137,False,False,True,False
dbb721c8-b8fa-3d0c-9727-bfa4eabefc30,RANKED_SOLO_5x5,MASTER,I,crtyOeCfh_62_kwDM18wm-83cb8ZhHmgACWGAn0FF7YR7zx3g8y-posoGQ,UMBBBBBBBBB,344,713,673,True,False,False,False
dbb721c8-b8fa-3d0c-9727-bfa4eabefc30,RANKED_SOLO_5x5,MASTER,I,33nNd8O-LTQaXIopA2NiAn691F-Vsj8TN6UQ8f_H-pxV9GOlTPDa_HxfUQ,wetfan,344,88,49,False,False,True,False
dbb721c8-b8fa-3d0c-9727-bfa4eabefc30,RANKED_SOLO_5x5,MASTER,I,mFvwpW-UAMwh9zpndvcI36tVAnpvDdjFygFP-ZP1kyKoPNUr71IkBq9l_g,fashion여자,343,532,494,False,False,True,False
dbb721c8-b8fa-3d0c-9727-bfa4eabefc30,RANKED_SOLO_5x5,MASTER,I,tnOhI_sm4gKsUAM5e_k-gPmDjlpTm1ibooR2iS3G-kwHP_PKxMyMbOphdg,lhy4,343,186,137,False,False,True,False
dbb721c8-b8fa-3d0c-9727-bfa4eabefc30,RANKED_SOLO_5x5,MASTER,I,4LvnVs-h62mYriy5FHelxb8UNc6UUXSJrK8lolizN9TDDAZ7,내가지은성,342,967,939,False,False,True,False
dbb721c8-b8fa-3d0c-9727-bfa4eabefc30,RANKED_SOLO_5x5,MASTER,I,JSu99qETjJSqRz3VOshABhnFUmbrA63lWHWbkH-jpZup6K5htTNxHVMXLA,huya  우르곳,342,264,213,False,False,False,False
dbb721c8-b8fa-3d0c-9727-bfa4eabefc30,RANKED_SOLO_5x5,MASTER,I,d0fz1HQnuq3Plr_8pi8X6dHdLEpqTY2ffIpyBWvbx9Abx1-KWyxilvNAjA,weiweiruoruo,342,233,179,True,False,False,False
dbb721c8-b8fa-3d0c-9727-bfa4eabefc30,RANKED_SOLO_5x5,MASTER,I,V10SsEyLOWt72-nm6FvzcAvWuQcumUOQVofFGlhmwgM6BH92b68wpNSUXg,미드님화이팅,342,103,55,False,False,False,False
dbb721c8-b8fa-3d0c-9727-bfa4eabefc30,RANKED_SOLO_5x5,MASTER,I,MjFZ_-I9ULv3w5uEbgX76dCsOZT2czVlkEiLNaDfe_inPQzTWd1t6cNDVQ,MERCK,342,95,52,False,False,False,False
dbb721c8-b8fa-3d0c-9727-bfa4eabefc30,RANKED_SOLO_5x5,MASTER,I,KJvCQY4XUMdcUUXIJSrtVwHxPG3Ra3ZTH7dZDK7g_7GTlSw6OsohwyLZXg,WJDAKFDJWLFJQEK,342,93,56,False,False,True,False
dbb721c8-b8fa-3d0c-9727-bfa4eabefc30,RANKED_SOLO_5x5,MASTER,I,ZVNyTPMtB3sEtDlSXKmOel2csnCE8G7EqDslYYBCz3jBass,타락한 숟가락,341,770,741,True,False,False,False
dbb721c8-b8fa-3d0c-9727-bfa4eabefc30,RANKED_SOLO_5x5,MASTER,I,TywTwoQguSkKo8P0BoEWQEaiPoh1IDrybuZn3QdfxhJFAgI,h2romaker,341,517,424,True,False,False,False
dbb721c8-b8fa-3d0c-9727-bfa4eabefc30,RANKED_SOLO_5x5,MASTER,I,uOekHGx03DvkPAY9nVEvAPGP5csPgsXzeGOKZ6Oy7QDsIGIXWtbELVOxkg,욕을하지말자,341,253,220,False,False,False,False
dbb721c8-b8fa-3d0c-9727-bfa4eabefc30,RANKED_SOLO_5x5,MASTER,I,OnBWvTZ8f5BgZOXYPIt2CRU60sbf2P7CqbKzX7zzu7lihw,나는탑만가,341,187,163,True,False,False,True
dbb721c8-b8fa-3d0c-9727-bfa4eabefc30,RANKED_SOLO_5x5,MASTER,I,vIhs3kxms7TWykHULOyvih_eWwWDyHWlJ9WIsBvvh6n-86I,나는팀원들이밉다,341,173,141,False,False,True,False
dbb721c8-b8fa-3d0c-9727-bfa4eabefc30,RANKED_SOLO_5x5,MASTER,I,8ntlokIZY_S16FA7rCojeV0GTV_aT9E3L8EUKWx4ZvlG5xg,다람쥐의 총,340,577,546,False,False,True,False
dbb721c8-b8fa-3d0c-9727-bfa4eabefc30,RANKED_SOLO_5x5,MASTER,I,tj4n_Ry5O8AbzQQeE-c0cqxYcob-jC-oiU_z3mDnypJKJw,Mltsuha1,340,149,109,False,False,False,True
dbb721c8-b8fa-3d0c-9727-bfa4eabefc30,RANKED_SOLO_5x5,MASTER,I,XdgBMCu2PtHEYPCXlab3_hwh3yFdRnueeHlyG6SD5kXGi8dU,인정포용부정보복,339,212,148,False,False,True,False
dbb721c8-b8fa-3d0c-9727-bfa4eabefc30,RANKED_SOLO_5x5,MASTER,I,w8RZyMDzBoriJfRcy4bO6hpawF2Vq0m5W4_eaoFUjZJR-ZQTVYdmE7k06Q,예인이 귀여워,339,157,113,False,False,True,False
dbb721c8-b8fa-3d0c-9727-bfa4eabefc30,RANKED_SOLO_5x5,MASTER,I,xRq_ShgG2XDHOIhVpvSedVTMUaodXZTVXJ4peXla5OYXP9AIG8LYWWzJlg,vaksfjhvaafg,339,114,70,False,False,False,False
dbb721c8-b8fa-3d0c-9727-bfa4eabefc30,RANKED_SOLO_5x5,MASTER,I,jg5EpYKcxPkSGfqulDhDu65qwhYV1SmPontS71mGCRh3JDOdhz2t0aU-Pg,eightzz,339,103,66,False,False,False,False
dbb721c8-b8fa-3d0c-9727-bfa4eabefc30,RANKED_SOLO_5x5,MASTER,I,_XYq51o_tiaG-bev1TCbdsiMWzkE9_F9onRBnBgtg2vvTaDhBxiLojkuvQ,Kimiwakireida,338,661,624,True,False,False,True
dbb721c8-b8fa-3d0c-9727-bfa4eabefc30,RANKED_SOLO_5x5,MASTER,I,X1_0IpTOGYr_wKMrYECj-WXgxUhUWWrAZMceY0hbxs9__1kj,칼날폭풍1,338,591,555,False,False,True,False
dbb721c8-b8fa-3d0c-9727-bfa4eabefc30,RANKED_SOLO_5x5,MASTER,I,ikQtOqErIb5Ez7U4_jasU8JXrAGMI59qUxs8W1-LpreOT_Q,오지마그냥꺼져,338,429,387,True,False,False,False
dbb721c8-b8fa-3d0c-9727-bfa4eabefc30,RANKED_SOLO_5x5,MASTER,I,T19fGJhi5nAktXtuhrcyTAzMjH00GeQAdAJPV-QVhI2OKg,riteleader,338,395,362,True,False,False,False
dbb721c8-b8fa-3d0c-9727-bfa4eabefc30,RANKED_SOLO_5x5,MASTER,I,nb9SNy1vLu4sWdrOZhP426zxknCsM3z98R_ynKk026fX3A,대야웰백,338,346,320,False,False,True,False
dbb721c8-b8fa-3d0c-9727-bfa4eabefc30,RANKED_SOLO_5x5,MASTER,I,F7teFp5jhAkXzPf8ztpN0xGSoQxMxn8EFSIDp22NYLOfFVQ,이야공,338,162,144,False,False,False,False
dbb721c8-b8fa-3d0c-9727-bfa4eabefc30,RANKED_SOLO_5x5,MASTER,I,1eLUgDrEq_u9VGSoeo249tdibMSlgdUZ-WH_UZgCZxY7xQ,아케이드 소나,338,161,136,True,False,False,False
dbb721c8-b8fa-3d0c-9727-bfa4eabefc30,RANKED_SOLO_5x5,MASTER,I,UeFFZ3C34JMFy8LTew7bTlKcWqINzJWEHteBA7E68oXFEKccfuNZpgDSdQ,douyu TV 9018814,338,81,41,False,False,True,False
dbb721c8-b8fa-3d0c-9727-bfa4eabefc30,RANKED_SOLO_5x5,MASTER,I,t0GG2mPdmRimuPUE6s_Hp-8Zqq01s8HlS_u4m32wD4bfgFE,GSJ,337,313,281,False,False,True,False
dbb721c8-b8fa-3d0c-9727-bfa4eabefc30,RANKED_SOLO_5x5,MASTER,I,oxgGMF8UKajsX2n-sl8zec2TbaB4kVqSIqEoYFJHP1jWu_g,아만최고건슬링어,337,193,161,False,False,False,False
dbb721c8-b8fa-3d0c-9727-bfa4eabefc30,RANKED_SOLO_5x5,MASTER,I,m60NgybH2kcm2DFXjl-G3mv4p6N-_NxSgDL7RYRyVp-WFGjA,오늘하루는어떨까,337,188,154,False,False,True,False
dbb721c8-b8fa-3d0c-9727-bfa4eabefc30,RANKED_SOLO_5x5,MASTER,I,-viKLh7CCwwld0EE0ScuhF9l1y8lwxbEDKFlPuAjmgfPcf8tXwlmDIo1gQ,huya lang D,337,161,120,True,False,False,True
dbb721c8-b8fa-3d0c-9727-bfa4eabefc30,RANKED_SOLO_5x5,MASTER,I,i_7BuudoaKq56bStOc-jnYDqkUkFi1ICvHZJ9ja-SA5CciGnNlhVhCigew,Misak1,337,105,59,False,False,False,False
dbb721c8-b8fa-3d0c-9727-bfa4eabefc30,RANKED_SOLO_5x5,MASTER,I,tnY9cB26c_yO9VPrl2A6q9e4KND0-n_DcZrNBwmy2GTzbiU,Kwon TW,336,170,126,False,False,False,True
dbb721c8-b8fa-3d0c-9727-bfa4eabefc30,RANKED_SOLO_5x5,MASTER,I,oy_Mfz3pQiLnHgoda2SEFTPKCzLPrE9bfAD5DjFustK5ZNU,쪼망이,335,902,866,False,False,False,False
dbb721c8-b8fa-3d0c-9727-bfa4eabefc30,RANKED_SOLO_5x5,MASTER,I,Od_orppUIKLNkGYOY1tYYGljSQLbUPhO6gBasIm-QvuPoRQ,oxi52,335,520,496,True,False,False,True
dbb721c8-b8fa-3d0c-9727-bfa4eabefc30,RANKED_SOLO_5x5,MASTER,I,oUxO-wxeI4fOmoUr152nm-9jEKDu6kPowtPAvhEoyWnvTZ0,해적배찌,335,217,133,False,False,False,False
dbb721c8-b8fa-3d0c-9727-bfa4eabefc30,RANKED_SOLO_5x5,MASTER,I,9_APIxSRjOAygrYM9SmOl-XmOT3AB2j9vu7AldwyBMYQLPw,Futaba Anzu2,335,153,118,False,False,False,False
dbb721c8-b8fa-3d0c-9727-bfa4eabefc30,RANKED_SOLO_5x5,MASTER,I,eOCmr8ZqsxiPSLxdmphqbTLF1Dp61el6JXnOEEZj-mt_rOQd3UHjhWrPCw,예 nightfall,334,1078,1034,True,False,False,True
dbb721c8-b8fa-3d0c-9727-bfa4eabefc30,RANKED_SOLO_5x5,MASTER,I,aqVN9BrCHDtS6SYr7LOH86kdQQNG5N6S0W7T77nz4Y0RHw,Twitch 다훈갓,334,455,431,True,False,False,False
dbb721c8-b8fa-3d0c-9727-bfa4eabefc30,RANKED_SOLO_5x5,MASTER,I,SjM9Be5I4EG2SkjoOGVwGx0GMObPrcT9FH9yoKxVb-RbtQ,원딜 그루밍,334,209,185,False,False,False,False
dbb721c8-b8fa-3d0c-9727-bfa4eabefc30,RANKED_SOLO_5x5,MASTER,I,dWxgJIJC445qcDaCKA7C4naRaBYHp0dhY2DraQpFwmM7E4U,megaogaogaoshou1,334,190,151,False,False,True,False
dbb721c8-b8fa-3d0c-9727-bfa4eabefc30,RANKED_SOLO_5x5,MASTER,I,zMIek-Zv-qlpsux6xkEjlDx74bnyC164N0iTw0mz4m40Hm8,AD Trainee,334,131,97,True,False,False,False
dbb721c8-b8fa-3d0c-9727-bfa4eabefc30,RANKED_SOLO_5x5,MASTER,I,KUT9G30hLjirx98yuW_X4Wp9eSCfR41vw3HFicr2Ids6RH4,늙은할아버지,333,392,361,False,False,True,False
dbb721c8-b8fa-3d0c-9727-bfa4eabefc30,RANKED_SOLO_5x5,MASTER,I,aB3HFtOhq1ZsC5CfnSgRcQ0mwY89aAQI_v2Z-RwSKtIfcN4,czca,333,308,264,False,False,False,False
dbb721c8-b8fa-3d0c-9727-bfa4eabefc30,RANKED_SOLO_5x5,MASTER,I,up3QuNVYaXyBVngkYRezfQdWiKNuUQhGadu9fLKTjPZlkBM,먼 여행을 떠나,332,669,653,False,False,True,False
dbb721c8-b8fa-3d0c-9727-bfa4eabefc30,RANKED_SOLO_5x5,MASTER,I,ePdGEh8OKZ4cqZUg56jUJFR7oHmEZ29gAH0qYsfcjodcB9s,realion,332,654,620,False,False,True,False
dbb721c8-b8fa-3d0c-9727-bfa4eabefc30,RANKED_SOLO_5x5,MASTER,I,NZJTXR5-eJcg_vIIyrUM7hz0FeltRYiaFiYVTh7Hxfucp89-,nPER,332,595,497,False,False,True,False
dbb721c8-b8fa-3d0c-9727-bfa4eabefc30,RANKED_SOLO_5x5,MASTER,I,UjRUejJ_yZ6kkgT52YX-IVNbIuCpOxhTenq9VwIhEd96EM8,happyhappy1,332,216,188,True,False,False,True
dbb721c8-b8fa-3d0c-9727-bfa4eabefc30,RANKED_SOLO_5x5,MASTER,I,G-bsIyxTY-MVVdDb1O-5zhQ6VzfhCqHQRF2rZ2APTWpKm1M9s4LiOnz45A,IreliaChallenger,332,192,158,False,False,False,False
dbb721c8-b8fa-3d0c-9727-bfa4eabefc30,RANKED_SOLO_5x5,MASTER,I,GDMraLoge1gvDyl1d_GYieSlxHAfhuj3SPFGeCZMgL1_tsA,안녕 연준아,332,126,88,False,False,False,False
